Dataset,Experiment,Arm,Seed,Train R2,Val R2,Test R2,Test MSE,Test MAE,Test R2 DCAA (ug/L),Test R2 TCAA (ug/L),Test R2 BCAA (ug/L),Test R2 HAA5 (ug/L),Test R2 HAA9 (ug/L),Params,Test R2 DCAA,Test R2 TCAA,Test R2 HAA5,Test R2 TTHM
original,module,full,42,0.36546560955562307,0.3414419365757156,0.04923677851334955,0.5628069020264252,0.6028591948196423,0.013317415042882308,0.1282945585357852,0.030482816058618467,0.06871106631255774,0.005378036616904058,177466.0,,,,
original,module,no_attention,42,0.9518458093074365,0.7250673202214029,0.22850259689093244,0.5172967589373616,0.42942253641992895,0.2918625454193101,0.4340277930340374,-0.3951889644061515,0.4263635633317825,0.38544804707568303,166661.0,,,,
original,module,no_chemistry,42,0.9599663750618639,0.6606119698645555,0.28453612265965533,0.48286388227441757,0.40962220304938884,0.3403288779323449,0.45849243800278494,-0.32847990018822815,0.48118846639877544,0.471150731152599,163914.0,,,,
original,module,no_interaction,42,0.2916719793762252,0.3629063074980042,0.04478807418078885,0.5669738302293512,0.6050999914059055,-0.04602064802310135,0.12441196832625734,0.039972202482652985,0.06776638563067905,0.03781046248745612,156986.0,,,,
original,module,no_grouping,42,0.7355207459756897,0.35312143788692685,0.2575659918040297,0.4416404397979973,0.4966200555039989,0.21424145191475363,0.35094292319232023,0.23837843876553344,0.2604375494804605,0.22382959566708072,100214.0,,,,
original,module,random_grouping,42,0.40118597391663036,0.3593963031269296,0.13914410507699373,0.5214643953582596,0.567668845926313,0.04142008415455389,0.29021386799304094,0.062205351561060995,0.16801953826088634,0.13386168341542604,177466.0,,,,
original,module,no_hier_loss,42,0.3676821784909457,0.33863718130223575,0.04892836901079276,0.5625548416368064,0.6018932512596381,0.00974444029877608,0.10316295748449333,0.029768889731016213,0.08791139045630991,0.014054167083367708,177466.0,,,,
original,module,multitask_mlp,42,0.8226778380586388,0.40267155243028807,0.2675676111181768,0.4457337650753635,0.46010843695599285,0.2533021547612464,0.2772792926848534,0.11169367611600256,0.3649557658720024,0.3306071661567792,5061.0,,,,
original,module,full,123,0.6159676261855107,0.4011464033545705,0.10234711207206118,0.5541146242555317,0.5421127628353294,0.03769742386379549,0.1379773707860089,0.06642269531702127,0.05784557654149203,0.21179249385198762,177466.0,,,,
original,module,no_attention,123,0.6223914563419861,0.3302067262058886,-0.05102673999353784,0.6516299988833766,0.5659853337318869,-0.008192319702612805,-0.04828835373835627,-0.014888826309538139,-0.06659983848745621,-0.117164361729726,166661.0,,,,
original,module,no_chemistry,123,0.6047579037646356,0.4905020793536732,0.16142394426585582,0.5189243512642479,0.5144250186879086,0.09248711348036731,0.16438648089808583,0.087087054326355,0.24944331988705315,0.21371575273741805,163914.0,,,,
original,module,no_interaction,123,0.7169438653091292,0.40877782403772933,0.19096111741198912,0.49891224933008793,0.5219077571630727,0.05640082618703124,0.2072567421871705,0.14521776461535196,0.24076464417120402,0.30516560989918773,156986.0,,,,
original,module,no_grouping,123,0.4683506656321376,0.22725754350448,-0.04359898934671189,0.6481021987942285,0.5927859224408685,0.028514547781100963,-0.045137903105731736,0.020606415272298673,-0.014808542450367002,-0.20716946423086058,100214.0,,,,
original,module,random_grouping,123,0.781046106136192,0.4535243461137175,0.04518490411893028,0.5907799764210662,0.5528723054575485,0.04931173794358412,0.06208156490331174,0.04960372081349074,-0.012937132618833447,0.07786462955309836,177466.0,,,,
original,module,no_hier_loss,123,0.6046441023430728,0.40918932277714487,0.043083001785566274,0.5897400915368685,0.5497856219009636,-0.09375160614372846,0.07530401332774961,0.06778706488419639,0.027127454856476607,0.13894808200313724,177466.0,,,,
original,module,multitask_mlp,123,0.6276408385280204,0.3444503374176889,0.11699506441306065,0.5441766952056911,0.5378953289354168,-0.008752021828723144,0.26146413859333995,0.05246124964192711,0.1273539094200441,0.15244804623871566,5061.0,,,,
original,module,full,456,0.6234145717471483,0.30365322526161875,0.5057982550329709,0.46684844652168156,0.5345505948209421,0.5797260697305464,0.6107523539008172,0.16937346737052728,0.6002961396835692,0.5688432444793949,177466.0,,,,
original,module,no_attention,456,0.5507508199829497,0.0945113400728882,0.47327311679134515,0.5027839786667113,0.5473009049272821,0.5420261354610489,0.5689782214712695,0.07325180715216595,0.6106577865339826,0.5714516333382587,166661.0,,,,
original,module,no_chemistry,456,0.5775899636011139,0.20710370371934322,0.4360422559331754,0.5231180274802356,0.5619064102643281,0.5389210190601983,0.506166929224958,0.12030219677949738,0.48750726786453236,0.527313866736691,163914.0,,,,
original,module,no_interaction,456,0.6134407117558033,0.3175718360147132,0.4275476092341558,0.5264406590709658,0.5617032748844242,0.40554546872885666,0.5545399074161982,0.15751832741227156,0.5121420727954662,0.5079922698179864,156986.0,,,,
original,module,no_grouping,456,0.5683462626532171,0.10967424461064583,0.4833823786377103,0.49525411522492585,0.5642389254488449,0.5604261043734474,0.6255710419493221,0.07601861619391093,0.5485494792384248,0.6063466514334461,100214.0,,,,
original,module,random_grouping,456,0.545603567707815,0.05515445841178666,0.40096954508979127,0.5572243080673878,0.5753384821890842,0.4337539200122984,0.5582015733970735,0.06642313712509007,0.4631626107935978,0.48330648412089605,177466.0,,,,
original,module,no_hier_loss,456,0.6133745352162954,0.3025771506380407,0.5049284324255255,0.4699316047538461,0.5290198805458016,0.5695491969102531,0.5990134719325171,0.14846770304257784,0.5861384805321117,0.6214733097101683,177466.0,,,,
original,module,multitask_mlp,456,0.5876019672347781,0.29714833796624174,0.41424294893151997,0.5450905512861534,0.588488367516541,0.4435898397003787,0.4628647791912093,0.0756746016676123,0.5195887677547902,0.5694967563436091,5061.0,,,,
original,module,full,789,0.9542538960633167,0.4870550761413922,0.3849068785343779,0.7999233824789139,0.4759994972279449,0.4914602440344512,0.39769684625641044,0.04351843630933416,0.4810943278133447,0.5107645382583486,177466.0,,,,
original,module,no_attention,789,0.5679503995764826,0.12906041476391716,0.3017976374851921,0.8563164110026559,0.6118911195408234,0.5712108125765432,0.31028188513712995,0.03197014801928377,0.27300251214264115,0.3225228295503627,166661.0,,,,
original,module,no_chemistry,789,0.5876834377672664,0.28527053925060425,0.35477593527352447,0.8256239926636024,0.568775402910599,0.48248434010199026,0.4012218107399701,0.02847237328114538,0.4274194155589891,0.43428173668552716,163914.0,,,,
original,module,no_interaction,789,0.5290616894341035,0.16645756111192073,0.21237903414655884,0.9200426709182041,0.6300908430145311,0.31639645678036277,0.20716354402498893,0.0119933925067498,0.2518220529143116,0.2745197245063813,156986.0,,,,
original,module,no_grouping,789,0.37005256329228964,0.11720089573338414,0.36211253534025456,0.8459058737147785,0.6050237381137508,0.5555044281506772,0.4255290871347256,-0.026990726510576213,0.44233069635532674,0.41418919157111933,100214.0,,,,
original,module,random_grouping,789,0.5906258756157994,0.2375292636154271,0.29126157040971234,0.8537600999775679,0.6083459195402832,0.37513644203155183,0.36219164201636056,0.05594828222540216,0.412054201505087,0.2509772842701603,177466.0,,,,
original,module,no_hier_loss,789,0.9061828770326967,0.5163360092851118,0.35660135466406395,0.8189767567514818,0.49803458550391627,0.4417465870206898,0.3773422093260119,0.03986158661832884,0.43941950282920705,0.4846368875260817,177466.0,,,,
original,module,multitask_mlp,789,0.6037272248796708,0.3932908303814758,0.42642808037962004,0.7737222558938277,0.5575983243971827,0.5580634681857137,0.4706104207513997,0.04571166741736965,0.5146884942748922,0.5430663512687252,5061.0,,,,
original,module,full,1024,0.7189195520598461,0.1590482256001641,0.2507466715696788,0.6602968268973657,0.6670120198029423,0.31992590945745447,0.4000213427486743,-0.288289065623061,0.411095527680608,0.4109796435847175,177466.0,,,,
original,module,no_attention,1024,0.7060616855472528,0.07621046201575225,0.3203903487701517,0.5984536194593753,0.6419097133314114,0.43139125805917455,0.46129704882531153,-0.1989808208275019,0.47004884556607895,0.4381954122276951,166661.0,,,,
original,module,no_chemistry,1024,0.587757037799064,0.5876105535247197,0.3467735946741806,0.5757678498083705,0.5680729305491898,0.4583090433336422,0.4421257550819727,-0.16148684356270349,0.4921605986982298,0.5027594198197616,163914.0,,,,
original,module,no_interaction,1024,0.6233967049092186,0.09284834837549867,0.21168773909072147,0.7038503874493001,0.6606203934221797,0.19694441431616105,0.4078569219178878,-0.19865182911758184,0.33961087989498107,0.31267830844215894,156986.0,,,,
original,module,no_grouping,1024,0.48385636816568206,0.21634450030488434,0.21127564314246508,0.7426623478667115,0.6586304125892617,0.21873513430964298,0.14815281922419543,0.1128031793240225,0.24265121722013128,0.33403586563433285,100214.0,,,,
original,module,random_grouping,1024,0.8844331414926113,0.12876722112924208,0.17537238658296497,0.7268284820719606,0.6634625321212636,0.250588003048851,0.36068996929318076,-0.4102893469515616,0.36851018649649925,0.3073631210278549,177466.0,,,,
original,module,no_hier_loss,1024,0.7196509896272085,0.16815963647362459,0.2344439330818319,0.6749052955693717,0.6698403011291617,0.2882707910755514,0.386406487197254,-0.30469801197613133,0.4088830092392073,0.3933573898732775,177466.0,,,,
original,module,multitask_mlp,1024,0.605006282724438,0.5680107494476895,0.37383586909821603,0.5624618501937262,0.5932785463930379,0.4276986135775468,0.3802691341808795,2.766455104341592e-05,0.5577297582107817,0.5034541749708283,5061.0,,,,
original,module,full,2025,0.9657053113959172,0.3040583403571595,0.3346894798896181,0.276037018099096,0.40496765521571787,0.42016626452658334,0.5202538902237919,-0.2406534780953944,0.5108366338018393,0.4628440889912706,177466.0,,,,
original,module,no_attention,2025,0.9609473722713073,0.3632313750026163,0.3756935121484073,0.2596454805546537,0.40525544514076206,0.5042245410954587,0.5660426121481605,-0.22197784860021597,0.5230098645470705,0.507168391551563,166661.0,,,,
original,module,no_chemistry,2025,0.9571899335138172,0.38175306307700063,0.29304024923408856,0.29078083375011426,0.43826677999968366,0.47702908225126706,0.43333217368220933,-0.24731750630081795,0.44197854385398294,0.3601789526838022,163914.0,,,,
original,module,no_interaction,2025,0.8381976959500366,0.38674619993770964,0.30105341301726407,0.2871089644275483,0.42509357319107455,0.44501815730240246,0.44529749878855096,-0.19136827436051584,0.43738763554349325,0.3689320478123894,156986.0,,,,
original,module,no_grouping,2025,0.8195806890871598,0.3152740256394925,0.24084540364329204,0.3148119739593888,0.45000599236304295,0.3427732649461336,0.45197115245831,-0.4105523167563707,0.4272160480463818,0.39281886952200584,100214.0,,,,
original,module,random_grouping,2025,0.7738650361463811,0.25976340106297313,0.2090172781862158,0.32883619973327977,0.46217895230738193,0.3717172445755178,0.40914218397968616,-0.5463667296263137,0.4575028635552164,0.35309082844697304,177466.0,,,,
original,module,no_hier_loss,2025,0.9899769430033409,0.3237122916295587,0.3591999160804459,0.2640348798707137,0.3863453384875922,0.4172997313265536,0.4805535827976136,-0.09811462996289255,0.4974434564786526,0.49881743976230253,177466.0,,,,
original,module,multitask_mlp,2025,0.9361908595247197,0.3533016974404462,0.3517724251956788,0.27264955693062165,0.39787455744689726,0.48309890358893104,0.5601444791875518,-0.4276657092411471,0.5651503586483186,0.5781340937947396,5061.0,,,,
original,module,full,3407,0.785587571056974,0.2627892174310089,0.019549936902084862,1.1389826086609078,0.6850776925388024,0.0894412365036561,-0.08447185923191736,0.1249088238485414,0.02529309143240721,-0.05742160804226293,177466.0,,,,
original,module,no_attention,3407,0.8076492737451527,0.20620364693964852,-0.3135867207755877,1.3094193360204958,0.7442982878471858,-0.23278117292600142,-0.47596265154222883,0.16683783167452215,-0.6189063677698612,-0.40712124331436916,166661.0,,,,
original,module,no_chemistry,3407,0.7013903797315723,0.25264847761217435,0.12874719802152715,1.1430351704751387,0.701188539762294,0.23109718365974352,0.0026982028088400334,0.014877115374450911,0.14390695995398994,0.2511565283106115,163914.0,,,,
original,module,no_interaction,3407,0.5039147862038963,0.3022807875235841,0.18560036888879672,1.0996319877929368,0.6979054490761746,0.2106014045257758,0.20383614255329363,0.0318224392986044,0.20800389791576113,0.27373796015054863,156986.0,,,,
original,module,no_grouping,3407,0.7376432536251343,0.3879232532475271,-0.2085169504955052,1.322657276464539,0.763584279996827,-0.3423837762875912,-0.34291498250660424,0.05172594567536071,-0.36089875615458644,-0.048113183204104404,100214.0,,,,
original,module,random_grouping,3407,0.7563505368313997,0.3481756820047742,-0.5193810517374081,1.5172236183790706,0.7996411686203201,-0.570268132527116,-0.8518193907012017,0.03732021383379058,-0.4743886359486331,-0.7377493133438804,177466.0,,,,
original,module,no_hier_loss,3407,0.7903474401823454,0.2628786464906227,0.022653233785627468,1.138802793714707,0.6769637570583515,0.12304704063262828,-0.10207672556912462,0.12148195611712032,0.008271194763382561,-0.03745729701586864,177466.0,,,,
original,module,multitask_mlp,3407,0.6947173549115584,0.3781996780483955,0.021639971148508706,1.1397950634642628,0.7064763215814025,0.20175663103968355,-0.21741465886094868,0.11910973377765044,0.0193848441389034,-0.014636694352744728,5061.0,,,,
original,module,full,5555,0.6322726353862435,0.7059111701847064,0.5001836291291438,0.5514732652803771,0.5792464077635044,0.5297181821075136,0.6246075920452202,0.0891739461124863,0.6266657237312149,0.6307527016492843,177466.0,,,,
original,module,no_attention,5555,0.5996824308166444,0.6535775566413708,0.40649284133057934,0.6733503937318301,0.6688091273062484,0.4061108095141649,0.5431516949775892,0.04791337759570402,0.4891736636571191,0.5461146609083192,166661.0,,,,
original,module,no_chemistry,5555,0.8256081087848202,0.6040904218213135,0.6202034431807485,0.4235280243537479,0.4845195676472354,0.6810484291762444,0.677761188504142,0.31972656670555066,0.7088797307965877,0.7136013007212176,163914.0,,,,
original,module,no_interaction,5555,0.7159076237156683,0.7712331307722528,0.5622791649513336,0.4745800064739541,0.531820436771795,0.6444924414846966,0.6697352860958693,0.12868349944297486,0.6682636641341639,0.7002209335989636,156986.0,,,,
original,module,no_grouping,5555,0.696788235637509,0.5748810035499996,0.6218376076729069,0.40635513097205794,0.5238423238707822,0.6965833675049524,0.7264423828766531,0.22352090880966147,0.7256801146892845,0.7369612644839834,100214.0,,,,
original,module,random_grouping,5555,0.6755413125183676,0.6314455020628655,0.5964114643513065,0.4409798730695388,0.5328639954905017,0.681411829942861,0.6943906459190226,0.21475970334472871,0.6816948519478738,0.7098002906020469,177466.0,,,,
original,module,no_hier_loss,5555,0.6328962468152982,0.6952201893256955,0.5020043626148057,0.5492085634487388,0.5770419335686162,0.5314152445249434,0.6384132917750458,0.09166424222411274,0.6334624227765666,0.6150666117733605,177466.0,,,,
original,module,multitask_mlp,5555,0.7381126185330752,0.6642276213440298,0.5653440033997827,0.47860021792324015,0.5252298494639198,0.654843789029433,0.6440834540596792,0.17643293150586847,0.6746573495293442,0.6767024928745888,5061.0,,,,
original,module,full,7777,0.4381278845311753,0.20753796721927448,0.3118315379180655,0.9279789064484578,0.7308963317656906,0.3224516560887092,0.3169734944205721,-0.05441763940166777,0.43251337463713124,0.541636803845583,177466.0,,,,
original,module,no_attention,7777,0.38676896284529,0.16153549406514237,0.2733934942205939,1.022092332433276,0.7530431169007894,0.22386477929906023,0.2491143870718846,0.07499390065324962,0.39093634611847494,0.42805805796030016,166661.0,,,,
original,module,no_chemistry,7777,0.39305051929276813,0.18669452402046494,0.3278909266273514,0.9158190304248093,0.6994988080662099,0.34509020536040325,0.36944584769154964,0.013321977065403834,0.35563344690223175,0.5559631561171692,163914.0,,,,
original,module,no_interaction,7777,0.39755498354503077,0.31956345569239664,0.3815456514932375,0.8314639936448216,0.6819558302992481,0.3177582672157634,0.468860401604025,0.08591102617615365,0.4774282721976132,0.5577702902726329,156986.0,,,,
original,module,no_grouping,7777,0.40199475752617236,0.12151117626241177,0.21624353244042638,1.1322280228165855,0.7579073073305679,0.16996292923024592,0.21752225280616277,0.13108785224115826,0.25403465364021716,0.3086099742843478,100214.0,,,,
original,module,random_grouping,7777,0.4444356269059198,0.18927684690442192,0.2927926066123731,0.9511421875986658,0.7289471075559038,0.30332513675037565,0.2890193906710822,-0.0980925217160824,0.41267509210954934,0.5570359352469413,177466.0,,,,
original,module,no_hier_loss,7777,0.4378817642082621,0.20874467081594075,0.3169460967710113,0.921707151465724,0.7314074190738127,0.3303628990070555,0.32025341716003497,-0.04435552261120668,0.4440591126081457,0.5344105776910275,177466.0,,,,
original,module,multitask_mlp,7777,0.46666144428604583,0.1048381847880859,0.23509949085911072,1.0853006570744774,0.7273807618651943,0.20907445836094463,0.254027844841054,0.06954070712882798,0.2931017936706122,0.34975265029411573,5061.0,,,,
original,module,full,9999,0.8995370917985218,0.19289172971573176,0.4485796312805602,1.3951436938763992,0.6618476568104411,0.6129299613124506,0.4783070010165088,0.012214065843168642,0.5766347799279601,0.5628123483027132,177466.0,,,,
original,module,no_attention,9999,0.8736411861275271,0.1495325616223319,0.39641856211647303,1.444732746169425,0.7101889067239389,0.5607091186028113,0.4090064451952401,0.010433786387626709,0.48472083758308127,0.5172226228136061,166661.0,,,,
original,module,no_chemistry,9999,0.9075352179490219,0.2737491955254109,0.3472844122863113,1.4364700882866122,0.7094529612928812,0.4777191932848577,0.3176362329551842,0.06971969122951427,0.42665658941757023,0.44469035454442973,163914.0,,,,
original,module,no_interaction,9999,0.8216680699723028,0.2858776116337063,0.40545328376889067,1.492375336556396,0.7030110168481009,0.5795287301378775,0.4342832723529343,-0.05244323494531744,0.5062717452365715,0.559625906062387,156986.0,,,,
original,module,no_grouping,9999,0.8685253020688994,0.005614591039223615,0.4220751886192831,1.439042553472726,0.6924052513065613,0.5049050464231204,0.4969456147505624,-0.01399129212730732,0.5529768680952155,0.569539705954824,100214.0,,,,
original,module,random_grouping,9999,0.8529447553377292,0.15663210370465191,0.4012502573962182,1.460909964538157,0.7178465268469473,0.5116655483124868,0.46322744217744516,-0.015619691311641537,0.5090755391607333,0.5379024486420669,177466.0,,,,
original,module,no_hier_loss,9999,0.9058576141533518,0.2091366525914749,0.44385341756652874,1.39145567752451,0.6582930982074862,0.6114144801005681,0.4655271263441705,0.021407708950597404,0.5629643564686637,0.5579534159686441,177466.0,,,,
original,module,multitask_mlp,9999,0.876730367971744,0.09458025122762201,0.4418631223113617,1.4522944091032208,0.6805553359801572,0.5910454512782496,0.5190166982615139,-0.0461423344053955,0.5772496299997938,0.5681461664226464,5061.0,,,,
original,feature,baseline_all_features,42,0.36546560955562307,0.3414419365757156,0.04923677851334955,0.5628069020264252,0.6028591948196423,0.013317415042882308,0.1282945585357852,0.030482816058618467,0.06871106631255774,0.005378036616904058,177466.0,,,,
original,feature,remove_Temp,42,0.9358168826643883,0.21341568859671717,-0.2053610496550772,0.8257471118833506,0.5433942924985575,0.1476790996707973,0.024861367493436703,-1.5174212403102953,0.17961218556330327,0.13846333930737165,163914.0,,,,
original,feature,remove_pH,42,0.42628246621192645,0.16813487296275215,-0.021347174420809266,0.5919219453029908,0.6175234481657345,0.0314106967747918,-0.11196940045548542,-0.019137749827987438,-0.03561410000372156,0.02857468140835573,163882.0,,,,
original,feature,remove_UVA254,42,0.9246038957401573,0.3004650146810679,-0.5470658023343158,1.0277615738578165,0.5800794102113701,-0.032912788390750736,-0.1644612621316004,-1.9072422524350294,0.008584584979664744,-0.6392972936938635,163914.0,,,,
original,feature,remove_Cl2,42,0.42258842993589935,0.3578061115983793,0.15029061899443286,0.5175422051862169,0.5602707271694569,0.01745425620657315,0.3310018088333214,0.07538712490270538,0.18455198949141205,0.14305791553815184,150593.0,,,,
original,feature,remove_NO2-N,42,0.89455244742116,0.4341324972760196,-0.47284355986393367,1.0087671457626362,0.5332807469080317,0.2976789842766355,-0.3415491482581561,-2.2887771333332565,0.21302696967720447,-0.24459747168209645,163914.0,,,,
original,feature,remove_DOC,42,0.41609086130660894,-0.1444152530789057,-0.004356982320263492,0.5890876596905417,0.6480923093938414,0.012699645650044666,0.05027246864327528,-0.00886825097959787,-0.006240798776411038,-0.06964797613862861,163898.0,,,,
original,feature,remove_NH4-N,42,0.24112143385335222,0.11309630976888937,-0.02303681578143533,0.5885218048350939,0.6378441297829284,0.049006115747482926,-0.13545406616602595,0.003176463747158964,-0.09042648316246082,0.058513890926668144,163914.0,,,,
original,feature,remove_Br,42,0.25321492747246593,0.31851077312441417,0.05828343299846965,0.5612288705175801,0.613774689955287,-0.03394013198383328,0.19583749180039567,0.044285469535751076,-0.01730578559705842,0.10254012123709277,163881.0,,,,
original,feature,baseline_all_features,123,0.6159676261855107,0.4011464033545705,0.10234711207206118,0.5541146242555317,0.5421127628353294,0.03769742386379549,0.1379773707860089,0.06642269531702127,0.05784557654149203,0.21179249385198762,177466.0,,,,
original,feature,remove_Temp,123,0.5418177721546364,0.3797005027012149,0.04008713192771178,0.5919931376861924,0.5554408897485185,-0.10982917852247409,0.06278997504215367,0.06726332106349397,0.0829383502504446,0.09727319180494087,163914.0,,,,
original,feature,remove_pH,123,0.5238768470219811,0.3695238116138381,0.09577285884164133,0.557523720954935,0.5574497529553994,-0.023379327938839234,0.21581383098225815,0.036699010623525874,0.10768067950605609,0.14205010103520566,163882.0,,,,
original,feature,remove_UVA254,123,0.4058091485802591,0.008392937915679433,0.0047464517877836565,0.6125094584248617,0.5934901363949553,-0.16397249627202948,0.09004578541037855,0.032627290064129344,-0.0326090102525014,0.09764068998894149,163914.0,,,,
original,feature,remove_Cl2,123,0.5062990335924589,0.4443169216964974,-0.09145656127928543,0.673389771584189,0.5886415297034736,-0.24625492298238183,-0.05201043189990262,-0.002549596447281255,-0.045348788524729455,-0.11111906654213244,150593.0,,,,
original,feature,remove_NO2-N,123,0.5581094433285658,0.3374357565590179,-0.010553100163972706,0.6232614027078585,0.5697468313712649,-0.14886014157591854,0.08257684548253963,-0.003765251903606659,0.017654936081210826,-0.0003718889040886797,163914.0,,,,
original,feature,remove_DOC,123,0.45849892568005374,0.4779775551685505,-0.2499850133768935,0.7721286713281985,0.6381666422343353,-0.31714998070782974,-0.32832262471046403,0.0482461366596445,-0.3445746533522065,-0.30812394477361127,163898.0,,,,
original,feature,remove_NH4-N,123,0.5540772417674871,0.23638868142497554,-0.07605802217632515,0.6637472234978596,0.5866068639658707,-0.20213309346255803,0.004868427372113349,-0.0030626689496784376,-0.08300344990993347,-0.09695932593156908,163914.0,,,,
original,feature,remove_Br,123,0.7468797569577692,0.37670369056419206,0.18264848597370925,0.506933105977635,0.5429266291755495,0.18920279841210752,0.21791292299356435,0.0055260336738094384,0.2505919996030985,0.2500086751859657,163881.0,,,,
original,feature,baseline_all_features,456,0.6234145717471483,0.30365322526161875,0.5057982550329709,0.46684844652168156,0.5345505948209421,0.5797260697305464,0.6107523539008172,0.16937346737052728,0.6002961396835692,0.5688432444793949,177466.0,,,,
original,feature,remove_Temp,456,0.6127289971285961,0.4189602669818534,0.45535299361486914,0.5017305102254065,0.570256285566983,0.4740600331803635,0.5488535304767341,0.18685211690665515,0.5440522276415277,0.5229470598690649,163914.0,,,,
original,feature,remove_pH,456,0.553467593795198,0.4536151097108073,0.4301816827511529,0.5371359477524826,0.5756614554600453,0.47318728313130165,0.6102736443195694,0.05907189332826379,0.5133431236199403,0.4950324693566889,163882.0,,,,
original,feature,remove_UVA254,456,0.6285875711507911,0.12148217486359898,0.3800023931774421,0.5512746132154379,0.6062556351423571,0.46284074490948135,0.34764733394843905,0.21250349504846078,0.42703176059927117,0.4499886313815582,163914.0,,,,
original,feature,remove_Cl2,456,0.6320627186344739,0.1757179112477912,0.43899105539479777,0.5165895406997661,0.557693004637146,0.4099721904995268,0.5111123074502018,0.165870798390653,0.5775596954174114,0.5304402852161958,150593.0,,,,
original,feature,remove_NO2-N,456,0.6145288655826023,0.4027190280273162,0.43124565169651474,0.5147077735390655,0.5543135873710142,0.5008399620662669,0.43678532762828093,0.21098306870042183,0.5014850329178173,0.5061348671697866,163914.0,,,,
original,feature,remove_DOC,456,0.334697844257353,0.16338677533107998,0.24985018419788368,0.6738092772750339,0.6553230931731969,0.2692513695833172,0.43136711901323266,0.02046726636889884,0.28415772767761527,0.2440074383463542,163898.0,,,,
original,feature,remove_NH4-N,456,0.6234371786162463,0.15436615505110257,0.3981607203539104,0.5323749115341826,0.5773613786609963,0.45171273570414605,0.3559775292982683,0.258765290351858,0.46730146682379803,0.45704657959148176,163914.0,,,,
original,feature,remove_Br,456,0.5933411896542352,0.3572429434063987,0.46030892468876194,0.5012213846077451,0.5451239976563462,0.4962357138034722,0.5477889430252397,0.15952236133751452,0.5294712421975607,0.5685263630800226,163881.0,,,,
original,feature,baseline_all_features,789,0.9542538960633167,0.4870550761413922,0.3849068785343779,0.7999233824789139,0.4759994972279449,0.4914602440344512,0.39769684625641044,0.04351843630933416,0.4810943278133447,0.5107645382583486,177466.0,,,,
original,feature,remove_Temp,789,0.5760790445369743,0.21558063275809528,0.26080984449892164,0.9081499328832698,0.6325753899309275,0.3712716271003079,0.30209632652298857,-0.02768832693521328,0.32108395346538665,0.33728564234113745,163914.0,,,,
original,feature,remove_pH,789,0.9053194403351652,0.2698164715594998,0.43386943256071486,0.8440236945889612,0.47532047343164613,0.6052362717776524,0.4772185956698993,-0.12487398692443086,0.5796571724006566,0.6321091098797971,163882.0,,,,
original,feature,remove_UVA254,789,0.3939838129253771,0.15508072208545412,0.03529632294831819,1.0306045165281303,0.728172228227017,0.15064479076989934,-0.08566034561699998,0.005664181523707401,0.019290291563457407,0.08654269650152668,163914.0,,,,
original,feature,remove_Cl2,789,0.5298608336693447,0.32863407806095274,0.2647886865008185,0.8889243279130111,0.6509620668035365,0.39386211024022566,0.3103057118064527,0.012623771330628308,0.38564719244343815,0.2215046466833479,150593.0,,,,
original,feature,remove_NO2-N,789,0.6770884751051711,0.5113024783701196,0.33885194513784944,0.8114336895070491,0.5384691342014511,0.5420050127447693,0.2617749136139964,0.08026899711567359,0.4017236697674257,0.40848713244738233,163914.0,,,,
original,feature,remove_DOC,789,0.3563998989806267,0.011577669070966468,0.06740253539508718,1.0274473163555924,0.7577538150241996,0.16508193013648065,0.05021494826155748,-0.028409153461494308,0.09993430866860142,0.050190643370290666,163898.0,,,,
original,feature,remove_NH4-N,789,0.5553450937165787,0.09092791018472393,0.30973375309600304,0.829655344868691,0.5992804516589858,0.4211677262832608,0.3177465577646009,0.08115025191649883,0.3437403787736949,0.3848638507419597,163914.0,,,,
original,feature,remove_Br,789,0.9614507089303623,0.5747971717490089,0.4079693399583507,0.7690142865194292,0.4734963537343281,0.4768436829268864,0.42044103306545844,0.08126498674348559,0.5111869891319021,0.5501100079240213,163881.0,,,,
original,feature,baseline_all_features,1024,0.7189195520598461,0.1590482256001641,0.2507466715696788,0.6602968268973657,0.6670120198029423,0.31992590945745447,0.4000213427486743,-0.288289065623061,0.411095527680608,0.4109796435847175,177466.0,,,,
original,feature,remove_Temp,1024,0.6657071921076451,0.19564585389059674,0.23129223534940904,0.6903799639883397,0.6707704010935325,0.2502391408847451,0.3643914535017526,-0.163118186004247,0.3628801422408533,0.34206862612394084,163914.0,,,,
original,feature,remove_pH,1024,0.6752256442739537,0.0018939989873815398,0.2598790104723643,0.6563150182224096,0.6452528715677464,0.23626734986679798,0.40242729481647366,-0.17994342330849822,0.4149232646857357,0.4257205663013117,163882.0,,,,
original,feature,remove_UVA254,1024,0.8763426495725174,-0.1706690173176435,0.22641038026024862,0.6913177230496612,0.6430237996830972,0.3778385817566886,0.36787370423047683,-0.2783998311406153,0.34965803313082844,0.31508141332386386,163914.0,,,,
original,feature,remove_Cl2,1024,0.6929517969619668,0.35469816005133864,0.3350149214901438,0.580357328676343,0.5966922979331836,0.44004142215333564,0.4780761409501293,-0.22453615564995277,0.5121268231842937,0.4693663768129124,150593.0,,,,
original,feature,remove_NO2-N,1024,0.6278091121008641,0.2217770364773993,0.24096587553699056,0.666235208309326,0.7026752522069927,0.2102903980983265,0.43363036415190725,-0.26400602037434595,0.4052384192152758,0.41967621659378884,163914.0,,,,
original,feature,remove_DOC,1024,0.1429543474913632,-0.019901543396170875,0.05830045957559009,0.8790017812983129,0.7435671462282716,0.04389316957897038,0.09664591234763664,-0.09268294607661742,0.11363914735000924,0.1300070146779514,163898.0,,,,
original,feature,remove_NH4-N,1024,0.6026906392666413,0.31647909586802775,0.2694417219629145,0.6436520003825136,0.6891776282194968,0.16036879192321163,0.4841444749984961,-0.1379838754181435,0.4273043109722716,0.4133749073387364,163914.0,,,,
original,feature,remove_Br,1024,0.6656616659266918,0.15347678626713077,0.2916735249258979,0.6200288872957825,0.647700948210298,0.3821093904463335,0.4435987519720892,-0.2729139158883105,0.4648558752672496,0.4407175228321274,163881.0,,,,
original,feature,baseline_all_features,2025,0.9657053113959172,0.3040583403571595,0.3346894798896181,0.276037018099096,0.40496765521571787,0.42016626452658334,0.5202538902237919,-0.2406534780953944,0.5108366338018393,0.4628440889912706,177466.0,,,,
original,feature,remove_Temp,2025,0.7244702994586254,0.2431876706850639,0.09498843329663416,0.371243087881572,0.5001141892781228,0.21130080942313223,0.30210165991388216,-0.4690750430933823,0.2982179773756811,0.13239676286385815,163914.0,,,,
original,feature,remove_pH,2025,0.826401866902702,0.25119571464143053,0.19552387030241034,0.3341157790857886,0.45322669125463155,0.31031824949035136,0.4490311718950526,-0.520688141586416,0.3714028316437442,0.3675552400693196,163882.0,,,,
original,feature,remove_UVA254,2025,0.684930714188025,0.3132605683782258,0.23013310190215278,0.3115589258730962,0.4510838871457906,0.3619093703066437,0.22689976823920166,-0.08172657105620518,0.3767204190877531,0.266862522933371,163914.0,,,,
original,feature,remove_Cl2,2025,0.9263803186868879,0.2803979072999339,0.31039727856614335,0.28631750417319074,0.4282702087327361,0.4118336437197039,0.5066604487213586,-0.3041713821243417,0.4787907537406755,0.45887292877332064,150593.0,,,,
original,feature,remove_NO2-N,2025,0.247371276723437,0.05503140408312781,0.07332739363332774,0.3676918764773981,0.5041460785848121,0.23781281591721082,-0.07126560072559318,0.05228417964067422,0.13820535969689973,0.009600213637447452,163914.0,,,,
original,feature,remove_DOC,2025,0.9627645791326301,0.16687706097346594,-0.09500852285891234,0.4595780047702462,0.5043050318141327,0.09969496103745712,0.3278267636906046,-1.3248263171010795,0.2647690858142545,0.15749289226420105,163898.0,,,,
original,feature,remove_NH4-N,2025,0.9277251140162539,0.21115824950735324,0.07730045872266,0.37387224988975615,0.457341978275328,0.09815551260055033,0.20577505664675055,-0.2212258167668475,0.16323885472262878,0.14055868641021785,163914.0,,,,
original,feature,remove_Br,2025,0.7364676773860169,0.21492609892473685,0.15245427887277768,0.3498870377754816,0.48210408529756565,0.31338955197053664,0.36926676619843435,-0.5205127702508114,0.33653429900633924,0.2635935474393898,163881.0,,,,
original,feature,baseline_all_features,3407,0.785587571056974,0.2627892174310089,0.019549936902084862,1.1389826086609078,0.6850776925388024,0.0894412365036561,-0.08447185923191736,0.1249088238485414,0.02529309143240721,-0.05742160804226293,177466.0,,,,
original,feature,remove_Temp,3407,0.6703025598480207,0.3013296871117753,0.046666812244257484,1.2110207526274475,0.7089424766560052,0.08468930301590416,0.010634688840249429,-0.01419669735643403,-0.011307376915161926,0.16351414363672956,163914.0,,,,
original,feature,remove_pH,3407,0.7018648145907564,0.41415440501923956,0.18219618915607302,1.0920734562056396,0.6763090290631372,0.295057188408153,0.12075888234345633,0.0450358057368474,0.19182465219478384,0.2583044170971248,163882.0,,,,
original,feature,remove_UVA254,3407,0.6947934270404822,0.07109694519357442,-0.26295284827199056,1.393276811199868,0.7557980678109131,-0.06384442436493454,-0.47115494564994376,-0.014161506236056498,-0.4182543911572252,-0.34734897395179254,163914.0,,,,
original,feature,remove_Cl2,3407,0.6760855159638386,0.3922524824366439,0.3425355090989954,0.9835486942642568,0.6426313041266326,0.4983608854881587,0.33004300039411916,0.06504813730298087,0.39415976547008424,0.42506575683963443,150593.0,,,,
original,feature,remove_NO2-N,3407,0.7619718284402912,0.31137236129318957,-0.009678675679625437,1.224803109667342,0.7263607800881673,0.14377263064448043,-0.17968831306333266,0.014665715373921695,-0.06899769459381555,0.041854283240618684,163914.0,,,,
original,feature,remove_DOC,3407,0.5926972168257562,0.24809575053751418,-0.12388344315979297,1.3155801723759144,0.7844626670731196,-0.21841551195188802,-0.1524620225890938,-0.01609350535525933,-0.17110933046524957,-0.061336845437473864,163898.0,,,,
original,feature,remove_NH4-N,3407,0.5699724350161699,0.2646864887655992,0.09032303366788808,1.197213258995646,0.7266033996009458,0.23174631724834382,-0.07050049792378665,-0.03528554015070262,0.09962519512802337,0.22602969403756235,163914.0,,,,
original,feature,remove_Br,3407,0.7700709654981285,0.212858925045066,0.12432215007335726,1.0548306879502871,0.6700299363542815,0.12192197408055283,-0.008190118599287421,0.16020073892985198,0.1598216186020911,0.1878565373535781,163881.0,,,,
original,feature,baseline_all_features,5555,0.6322726353862435,0.7059111701847064,0.5001836291291438,0.5514732652803771,0.5792464077635044,0.5297181821075136,0.6246075920452202,0.0891739461124863,0.6266657237312149,0.6307527016492843,177466.0,,,,
original,feature,remove_Temp,5555,0.6442834461417982,0.6865370467345425,0.5010539691624396,0.5484037604396489,0.5496662642240115,0.5780481712126277,0.6001932150718805,0.0584262717075299,0.6208352580465315,0.647766929773629,163914.0,,,,
original,feature,remove_pH,5555,0.6705715194520726,0.6442989213109838,0.4963110610455089,0.551229084501309,0.5622677765393289,0.5956087464850797,0.5799969312731409,0.02530182949168358,0.6404076343056457,0.6402401636719947,163882.0,,,,
original,feature,remove_UVA254,5555,0.5797982888645666,0.48289587278018126,0.5435196088398971,0.49718693402057995,0.5611999070861143,0.6018538478374112,0.6409098178508632,0.11463308557167129,0.6766502719156124,0.6835510210239274,163914.0,,,,
original,feature,remove_Cl2,5555,0.7094955070051873,0.633833103554745,0.5494036354970909,0.4915811398490031,0.5448026398703341,0.6153494207156209,0.6487579540304977,0.12831193324084156,0.670872359398448,0.6837265101000468,150593.0,,,,
original,feature,remove_NO2-N,5555,0.7953431797177973,0.5569962029422817,0.7098627771503877,0.3108022948373915,0.4075505268227551,0.7350218157766019,0.79459430799824,0.4101948544345363,0.8014654819939144,0.8080374255486462,163914.0,,,,
original,feature,remove_DOC,5555,0.5253513590667029,0.3354999581007919,0.44478869458923975,0.6321282045543566,0.6632061699989646,0.491014681584229,0.5715995281858444,0.1062505561079563,0.5237681276526078,0.5313105794155617,163898.0,,,,
original,feature,remove_NH4-N,5555,0.8124493539772081,0.6202112692626625,0.5017364892768632,0.5723744666064394,0.5662486908119364,0.49529819974820344,0.5785508833771111,0.24512393835676738,0.5836140379649519,0.6060953869372825,163914.0,,,,
original,feature,remove_Br,5555,0.6531112000319453,0.6563580399929329,0.5422409689183596,0.5030691979935773,0.542901484427005,0.5458573350837088,0.6590064890057807,0.16193128005002078,0.6631753142758632,0.6812344261764239,163881.0,,,,
original,feature,baseline_all_features,7777,0.4381278845311753,0.20753796721927448,0.3118315379180655,0.9279789064484578,0.7308963317656906,0.3224516560887092,0.3169734944205721,-0.05441763940166777,0.43251337463713124,0.541636803845583,177466.0,,,,
original,feature,remove_Temp,7777,0.4002990668718119,0.10501830636969667,0.2518117491651592,1.0579191425427872,0.748534592124568,0.2465719699899579,0.30408010914440464,0.07553585404024554,0.2595032657956622,0.3733675468555261,163914.0,,,,
original,feature,remove_pH,7777,0.429486458198585,0.14723193675056703,0.2881926790335117,0.9975215105035966,0.7258962316065405,0.1349986697693556,0.3822432671603623,0.13709218505402798,0.35024384106034856,0.4363854321234648,163882.0,,,,
original,feature,remove_UVA254,7777,0.4053086644000355,0.12591428886585593,0.2501617467459431,1.0809268723701555,0.7580765647530934,0.24366281400164913,0.23845230654346838,0.14288413814174294,0.26394103549637093,0.36186843954648473,163914.0,,,,
original,feature,remove_Cl2,7777,0.33707945755443963,0.15583780250622567,0.2455731305528198,1.0458708094017113,0.7673279515921828,0.15596800911832553,0.3511788226046435,0.015149199134655178,0.2605995520080394,0.4449700698984358,150593.0,,,,
original,feature,remove_NO2-N,7777,0.37592444594278474,0.20284394419289412,0.3442373460230188,0.8923963549095489,0.6882866507589034,0.3351310635593747,0.4123093215528899,0.05071411397227776,0.3978721454505889,0.5251600855799625,163914.0,,,,
original,feature,remove_DOC,7777,0.2570122581863351,0.01809715569065793,0.10837278249978685,1.310216386215409,0.837335714730405,-0.0003071213590970512,0.1144808615500994,0.12028251683695279,0.12203121632905556,0.18537643914192414,163898.0,,,,
original,feature,remove_NH4-N,7777,0.38418379432851346,0.20405232540289112,0.3407985741759652,0.8898361790720453,0.7238830665412799,0.33178603313290644,0.4264011963485047,0.019367144978258977,0.3896566261219151,0.5367818702982415,163914.0,,,,
original,feature,remove_Br,7777,0.42417171354722416,0.17326649608498834,0.304383782479617,0.9594506961153242,0.7252135452307258,0.1670907379934271,0.464925335390753,0.10003002882568557,0.2698456908485408,0.5200271193396787,163881.0,,,,
original,feature,baseline_all_features,9999,0.8995370917985218,0.19289172971573176,0.4485796312805602,1.3951436938763992,0.6618476568104411,0.6129299613124506,0.4783070010165088,0.012214065843168642,0.5766347799279601,0.5628123483027132,177466.0,,,,
original,feature,remove_Temp,9999,0.9226758730483091,0.20428755096709064,0.43547799086283445,1.366866380627711,0.658729576696661,0.5975504284752519,0.4294759276050928,0.05750747411740509,0.538323204394785,0.5545329197216371,163914.0,,,,
original,feature,remove_pH,9999,0.8377706376389398,0.16644807610027282,0.3617486257928613,1.5616680438913164,0.7305400777376561,0.5518722453449162,0.3615882331867123,-0.08358845128900394,0.4821107351178765,0.49676036660380496,163882.0,,,,
original,feature,remove_UVA254,9999,0.4165001836746218,-0.14400331032715155,0.24426749099797956,1.7709647819475645,0.7984879622020216,0.32167345690950666,0.34183288453352956,-0.20194095329381967,0.4073115543524709,0.3524605124882103,163914.0,,,,
original,feature,remove_Cl2,9999,0.8046853898402884,0.16040249391315337,0.35208054112111264,1.492499499915008,0.7704747437568095,0.4226516708503155,0.38742180563549244,-0.0017919599076516857,0.45524472151797435,0.4968764675094326,150593.0,,,,
original,feature,remove_NO2-N,9999,0.4164039558166577,-0.11598424922502563,0.3534074774826763,1.6738736640631244,0.7333304023654247,0.4810798442414931,0.5510589189192756,-0.20434160289137115,0.5093252837551444,0.42991494338883973,163914.0,,,,
original,feature,remove_DOC,9999,0.8606561032280325,0.024635574263739392,0.3716253561612725,1.4874079250410028,0.7168390526018256,0.5206737118977263,0.3825537426450749,-0.012409215666706164,0.47086624265352695,0.4964422992767409,163898.0,,,,
original,feature,remove_NH4-N,9999,0.8081467231681561,0.0463187945068694,0.34611752389550743,1.484588209723433,0.71403850897541,0.51750338916117,0.30754965324160455,0.018478937010817487,0.41927869680153007,0.4677769432624149,163914.0,,,,
original,feature,remove_Br,9999,0.8423957020646041,0.18858061281166746,0.3990249022699979,1.492139940884219,0.69230518946485,0.5291018900613996,0.4382729263151106,-0.047425442074577884,0.5218813250619683,0.5532938119860886,163881.0,,,,
ontario,module,full,42,0.8869711820346718,0.5253698691916611,0.6878272375925243,0.2670143137992996,0.3588674631600237,,,,,,134985.0,0.7076359769890144,0.6600214102714944,0.7350278234759501,0.6486237396336382
ontario,module,no_attention,42,0.8805793883092237,0.617496421873326,0.686977214957804,0.26899311845847823,0.351507969227018,,,,,,126404.0,0.6907176257019239,0.6747947268657966,0.715785589622195,0.6666109176413002
ontario,module,no_chemistry,42,0.8918767551987017,0.6390681548525327,0.6963548819045986,0.2620132553465372,0.34912984691056853,,,,,,123737.0,0.6765603555546624,0.6858710716773841,0.7305861058780387,0.6924019945083091
ontario,module,no_interaction,42,0.8561369151758991,0.4887197673491973,0.6886957011695386,0.265983973045067,0.3558564575686394,,,,,,118601.0,0.7098526929414211,0.6674496378649566,0.7447707729330351,0.6327097009387415
ontario,module,no_grouping,42,0.9282788426787805,0.5952588635016858,0.6622010593493814,0.28830282981159894,0.36201026763639427,,,,,,81493.0,0.6952546699709466,0.6074189906825161,0.7154505149903808,0.6306800617536816
ontario,module,random_grouping,42,0.9118125841320303,0.498506849999319,0.6770976590156765,0.2779077689240512,0.355977806586664,,,,,,134985.0,0.6739309084488835,0.6407452170587928,0.7054447193058508,0.6882697912491789
ontario,module,no_hier_loss,42,0.8867051183892865,0.5272159114207781,0.6864480908937842,0.2681805346633399,0.36098130899708114,,,,,,134985.0,0.7056344716849687,0.6570428828303136,0.7361251230510215,0.6469898860088327
ontario,module,multitask_mlp,42,0.6144538973839658,0.31355295442915104,0.6536962207310901,0.29788092686242773,0.3893471140774761,,,,,,4932.0,0.627621201216979,0.6254507102817962,0.7424437653977154,0.61926920602787
ontario,module,full,123,0.838697667306715,0.2953937149200404,0.7140241631668336,0.22410312356692802,0.33585760456721436,,,,,,134985.0,0.7156651257021653,0.6737088556657236,0.8001260996087081,0.6665965716907374
ontario,module,no_attention,123,0.5553262292344578,0.34477593434060727,0.647442343483076,0.29033395894658853,0.36545524850769007,,,,,,126404.0,0.5836951153642849,0.6845979926356178,0.6717609410163027,0.6497153249160988
ontario,module,no_chemistry,123,0.844938178214666,0.29081177187931717,0.7207254506345778,0.21820574515560962,0.3272563493241244,,,,,,123737.0,0.7193299611655752,0.6863576469295788,0.8202475448047508,0.6569666496384066
ontario,module,no_interaction,123,0.5163997436650959,0.2581500250371911,0.5746355219835586,0.3331900150077215,0.42885298222284307,,,,,,118601.0,0.6145885955506775,0.6104854642931635,0.6049494103423472,0.4685186177480465
ontario,module,no_grouping,123,0.40889901977610765,0.07702231202668663,0.45845029373152557,0.4318831048864069,0.5281292207237266,,,,,,81493.0,0.44827964857847,0.41615085178344924,0.5318681599392667,0.4375025146249163
ontario,module,random_grouping,123,0.824475775525719,0.30648558815810933,0.7054810365076718,0.2303456819186726,0.33718948782416736,,,,,,134985.0,0.7054104487217161,0.6830976354740121,0.8014186955086843,0.6319973663262746
ontario,module,no_hier_loss,123,0.8361731742196985,0.26109811542526873,0.7238985398872648,0.21565673796122892,0.3292031735342025,,,,,,134985.0,0.7291751233952745,0.6805399935870268,0.8103298545759965,0.6755491879907618
ontario,module,multitask_mlp,123,0.3350676220252969,0.04678642006742445,0.34364540477110805,0.5156968903840791,0.5995675916218728,,,,,,4932.0,0.42998027227623103,0.25388387077047103,0.3382707603370162,0.3524467157007144
ontario,module,full,456,0.6610359630065104,0.6788265096869379,0.5857004887160726,0.8118041697598312,0.5953723449819373,,,,,,134985.0,0.5977310298187759,0.5806932133268778,0.621586650991903,0.542791060726734
ontario,module,no_attention,456,0.6593220331454577,0.6818705947433958,0.5858220021458087,0.8129695925749024,0.5967894122504682,,,,,,126404.0,0.6010183312313475,0.5710729426053337,0.6182401681021887,0.5529565666443649
ontario,module,no_chemistry,456,0.6744575469576871,0.6747956776084463,0.5741413202547856,0.8354406609860887,0.5944124543717837,,,,,,123737.0,0.6105617395134134,0.5422800024168992,0.6063923261285284,0.5373312129603013
ontario,module,no_interaction,456,0.7377277843928224,0.6637675549845014,0.6269152786712108,0.7297977101031374,0.5651960676353833,,,,,,118601.0,0.6441408572625205,0.619271852800158,0.6648859276132129,0.5793624770089518
ontario,module,no_grouping,456,0.683044208599453,0.6460762973135814,0.5656583632223471,0.8527938237381631,0.6145267525509495,,,,,,81493.0,0.5941217816957431,0.5471257155545532,0.5880278747796435,0.5333580808594482
ontario,module,random_grouping,456,0.6828224379468832,0.691479383545215,0.5795958386988705,0.8244348571378647,0.6079254632535186,,,,,,134985.0,0.5942517739225642,0.5724396561118253,0.6107488505805192,0.5409430741805736
ontario,module,no_hier_loss,456,0.6605914119826475,0.6798084452363553,0.5834657016979463,0.8162888984998405,0.5974087111103066,,,,,,134985.0,0.60315894651452,0.5891404942937508,0.5998813065184043,0.54168205946511
ontario,module,multitask_mlp,456,0.6008502394140429,0.6906853277405822,0.5354281013262849,0.9128063984031892,0.6460648673811455,,,,,,4932.0,0.5779012487794732,0.49978214586292036,0.5583763244451725,0.5056526862175736
ontario,module,full,789,0.5748134186990951,0.5400591147590514,0.6337647841395069,0.24996298711513026,0.36066569447481844,,,,,,134985.0,0.6777087278783118,0.602980661752063,0.7598005424466404,0.49456920448101194
ontario,module,no_attention,789,0.5466669327977227,0.5385434886447873,0.5773768090528373,0.2885415476191324,0.38589275962085345,,,,,,126404.0,0.6122064695074808,0.5460086928550549,0.711677493272738,0.43961458057607516
ontario,module,no_chemistry,789,0.5210417783290203,0.5184018954412223,0.5914491638413775,0.2794653242566739,0.41247683917545025,,,,,,123737.0,0.640691347084873,0.6526194034166596,0.607189363416391,0.4652965414475859
ontario,module,no_interaction,789,0.5416457880220964,0.5824443350077855,0.6120424620260536,0.26493625236845164,0.38199399816721813,,,,,,118601.0,0.6296824643636929,0.6064139449994674,0.6935422505699547,0.5185311881710999
ontario,module,no_grouping,789,0.5283683636423577,0.5154620446366025,0.5405545242075848,0.31231105700527173,0.406727466158127,,,,,,81493.0,0.5928276727077747,0.5631204939456765,0.5455852855669591,0.4606846446099283
ontario,module,random_grouping,789,0.4915659616478378,0.45894380119556943,0.517689615976917,0.331637934167642,0.4156466084352708,,,,,,134985.0,0.5482882436021079,0.5774611947171389,0.6149093656167646,0.33009965997165647
ontario,module,no_hier_loss,789,0.574924378644062,0.5348739856075131,0.6322113081144356,0.2503240347624225,0.3619732355383612,,,,,,134985.0,0.6911266278344809,0.5920476381749136,0.7514146301185144,0.49425633632983357
ontario,module,multitask_mlp,789,0.5304574510954478,0.5297495529581135,0.49094382455351115,0.3474278439816386,0.436714620083243,,,,,,4932.0,0.45073782489686687,0.5232383986152029,0.4920726787029711,0.4977263959990038
ontario,module,full,1024,0.6899284889481396,0.6067374867141155,0.4290262738485555,0.6835124897148799,0.563470980699005,,,,,,134985.0,0.42069730900171554,0.4510614086464738,0.4700106147643073,0.3743357629817258
ontario,module,no_attention,1024,0.68765662117981,0.60488289386599,0.42935171457428334,0.6841386231704104,0.5760898144441574,,,,,,126404.0,0.4435048534238496,0.43627389182158827,0.4533876730984384,0.38424043995325685
ontario,module,no_chemistry,1024,0.6950687458401565,0.586783600202431,0.44756758194184126,0.6621848087570127,0.5443852611841423,,,,,,123737.0,0.4636361379135979,0.500938671776754,0.4681193933807992,0.35757612469621414
ontario,module,no_interaction,1024,0.7142744206718481,0.5410932153505701,0.5130477206643163,0.583667653046925,0.5012782485373941,,,,,,118601.0,0.5216148175378065,0.5200154548557587,0.5486076951041488,0.46195291515955084
ontario,module,no_grouping,1024,0.6702101417792333,0.680732429393787,0.5244371728334551,0.5700879632007283,0.5144264778573913,,,,,,81493.0,0.5361054468758875,0.5398181392880175,0.5416675954541491,0.48015750971576676
ontario,module,random_grouping,1024,0.7203124167756366,0.580514887922465,0.48754395486225355,0.6126278108854982,0.5316789345416805,,,,,,134985.0,0.4624387260036976,0.5187498194452385,0.5170355667502061,0.45195170724987244
ontario,module,no_hier_loss,1024,0.6895876910122262,0.6086093242248193,0.4290795343722221,0.6834725094547573,0.5647197008277144,,,,,,134985.0,0.4214113488982807,0.4515965248705295,0.4685929200741721,0.37471734364590614
ontario,module,multitask_mlp,1024,0.7309295956494831,0.5839469339669017,0.5122135153783864,0.5849494254127661,0.5361972718212964,,,,,,4932.0,0.5291088656508915,0.5304388002933011,0.5325084883711737,0.4567979071981796
ontario,module,full,2025,0.5638171550262491,0.37664456545631086,0.5237926905140349,0.46640915965414426,0.5035928617240713,,,,,,134985.0,0.5459336385710634,0.4666193371759262,0.6229612977569696,0.45965648855218033
ontario,module,no_attention,2025,0.5232508708656062,0.3662003591537677,0.5405001813440682,0.44883813729988886,0.4907384520560767,,,,,,126404.0,0.5968742897895157,0.530335121396639,0.5765856928262214,0.45820562136389664
ontario,module,no_chemistry,2025,0.5369380269066333,0.3754354284669744,0.5289840532231923,0.464028367663355,0.4868327913867899,,,,,,123737.0,0.5179980119092991,0.6144533628893696,0.678416010272229,0.3050688278218714
ontario,module,no_interaction,2025,0.5680885469442997,0.4847292057259598,0.5373240587225774,0.4476541869351328,0.4770868128758995,,,,,,118601.0,0.6149149951496347,0.5215878467099095,0.6084712589397856,0.40432213409098017
ontario,module,no_grouping,2025,0.5158829607877709,0.37465570388208275,0.4831479805284571,0.5136717030442849,0.5369314352755464,,,,,,81493.0,0.5208156493189963,0.530556770824849,0.4146335943606152,0.4665859076093678
ontario,module,random_grouping,2025,0.55592086263217,0.39896939349714544,0.5467129477625841,0.4488929055497728,0.4784162815851397,,,,,,134985.0,0.5441964205258807,0.5716320454564292,0.6113418446853771,0.4596814803826492
ontario,module,no_hier_loss,2025,0.5640455458487839,0.3737680992625225,0.5196091270988736,0.46923008252632686,0.5055414695398348,,,,,,134985.0,0.5494894796533152,0.44512139172985177,0.6241454431224579,0.4596801938898698
ontario,module,multitask_mlp,2025,0.5586216275817787,0.39056703729925624,0.533155075385684,0.45451146278852705,0.49759454708222123,,,,,,4932.0,0.5734376788012628,0.6016584525461202,0.6583189145132129,0.2992052556821402
ontario,module,full,3407,0.7507261403795246,0.6765179431149473,0.5951497041875402,0.5148552274510702,0.4771949339820364,,,,,,134985.0,0.5856957513501478,0.6060927262680982,0.6261278194387547,0.56268251969316
ontario,module,no_attention,3407,0.6899063603620861,0.6674582262499045,0.544432908624451,0.5850576826587033,0.49914669582191024,,,,,,126404.0,0.5712113745515899,0.5376776846210469,0.5992658387762555,0.46957673654891197
ontario,module,no_chemistry,3407,0.7647206966138175,0.682596793879803,0.5883666928924658,0.5261760473642509,0.48605765480730584,,,,,,123737.0,0.5946214257539302,0.591034876825278,0.6386212592608429,0.5291892097298121
ontario,module,no_interaction,3407,0.7527329012302648,0.6542640874582706,0.6192803840888954,0.48685190853254434,0.46635206281942165,,,,,,118601.0,0.631082733066403,0.6297183081992836,0.6668766788275469,0.5494438162623487
ontario,module,no_grouping,3407,0.6416460019281021,0.6270646027987234,0.5663544510598062,0.554255511461154,0.5254078586730598,,,,,,81493.0,0.5747601185793603,0.5785033780748533,0.6321537765096485,0.4800005310753628
ontario,module,random_grouping,3407,0.6881805333993187,0.6680505478085725,0.601586978779425,0.5118737522061916,0.48634146532320954,,,,,,134985.0,0.6214124861329198,0.5860599012677676,0.6502272356194481,0.5486482920975649
ontario,module,no_hier_loss,3407,0.7512625859826652,0.6791057420437796,0.5958217994940007,0.5140880104939687,0.47748858183374676,,,,,,134985.0,0.5881171877726232,0.6078889431890617,0.6255137746980632,0.5617672923162551
ontario,module,multitask_mlp,3407,0.6441095425265813,0.6612044130875694,0.5113609261255639,0.6285689051054535,0.539944473961898,,,,,,4932.0,0.5620440914494489,0.5234884122224831,0.5638960154374472,0.39601518539287683
ontario,module,full,5555,0.7399641727960551,0.484711288964821,0.4586090392613622,0.39665467005797816,0.405177006320542,,,,,,134985.0,0.3869036027404128,0.5163453557128035,0.5135792731072877,0.41760792548494496
ontario,module,no_attention,5555,0.6143754991212436,0.5155733998302581,0.449676083208179,0.407795759750879,0.44536787289471463,,,,,,126404.0,0.49533024338705745,0.46607983967993905,0.48489903877510987,0.35239521099061
ontario,module,no_chemistry,5555,0.6222730292826555,0.46804970794331313,0.4250691007239833,0.42533262685382944,0.4400600861997134,,,,,,123737.0,0.524858595559593,0.48959580847295325,0.3677714732792853,0.31805052558410174
ontario,module,no_interaction,5555,0.7576126078602066,0.48663562702340424,0.4265188124002853,0.41924656902227714,0.39089854106077154,,,,,,118601.0,0.341799103930706,0.504848805283289,0.46442819165792426,0.3949991487292208
ontario,module,no_grouping,5555,0.6292033972219355,0.5091556959658916,0.48713501997840036,0.3772057785435571,0.4534913527511706,,,,,,81493.0,0.45434647313175924,0.5270087777461749,0.5152090055772576,0.4519758234584098
ontario,module,random_grouping,5555,0.6502229075179233,0.48180372846639363,0.4424214524358555,0.40812567449784487,0.4401019737677865,,,,,,134985.0,0.4008429256936219,0.530897608895061,0.5465987589689283,0.2913465161858104
ontario,module,no_hier_loss,5555,0.739759885342134,0.4841256501923458,0.45967899106722415,0.3956766258077532,0.4039869486633657,,,,,,134985.0,0.37867514770878774,0.5165052523697315,0.523106183256133,0.4204293809342443
ontario,module,multitask_mlp,5555,0.6092619867796518,0.40449157896468446,0.39377067716429837,0.4477229475164889,0.4858229770191041,,,,,,4932.0,0.3937618633831166,0.41859842111634604,0.42047575778275637,0.34224666637497403
ontario,module,full,7777,0.879916129916298,0.7818090624413739,0.6247405706210203,0.42769168643795785,0.4579034356083107,,,,,,134985.0,0.5982022726348434,0.6351692440777057,0.6377077709353857,0.6278829948361464
ontario,module,no_attention,7777,0.8929343089613082,0.8069202698882008,0.6249689945406556,0.4252822376329913,0.45989909239816196,,,,,,126404.0,0.6203558941364302,0.5975530058215831,0.6494857001283667,0.6324813780762422
ontario,module,no_chemistry,7777,0.9046810877990702,0.774750643389911,0.5918259533627186,0.463118872629422,0.46893475384631417,,,,,,123737.0,0.5909494088545104,0.5758615082884462,0.6009133520957384,0.5995795442121794
ontario,module,no_interaction,7777,0.9037358145529858,0.7350498091261672,0.5964356238224098,0.45755123006957715,0.4713491173460367,,,,,,118601.0,0.583520324130598,0.6024480197841415,0.6344476701307395,0.5653264812441599
ontario,module,no_grouping,7777,0.9034165794735978,0.7310049751839178,0.5512852418607541,0.507794161439906,0.4961089509200754,,,,,,81493.0,0.5571449750981583,0.5488293871571803,0.5746289021274642,0.5245377030602133
ontario,module,random_grouping,7777,0.9449311724389909,0.6865724700289768,0.6094306936237914,0.44075230345642435,0.466637520211045,,,,,,134985.0,0.626103583210404,0.5636499106660235,0.643211143842408,0.6047581367763304
ontario,module,no_hier_loss,7777,0.8804673002842436,0.7793472811481179,0.6229096420723601,0.4301792933993253,0.45735951385520096,,,,,,134985.0,0.5920744824327868,0.6396207710919013,0.6341268985071331,0.6258164162576192
ontario,module,multitask_mlp,7777,0.8815473566037204,0.6106003200176665,0.625437501452186,0.4248221157584936,0.47366643297212696,,,,,,4932.0,0.6108853439599495,0.6340284354306003,0.6619793196280088,0.5948569067901853
ontario,module,full,9999,0.5923546611985624,0.3185615686684087,0.47483669164925946,0.5591628039815038,0.5530974031900202,,,,,,134985.0,0.48817872426985365,0.4386616867893244,0.5167673084754549,0.45573904706240453
ontario,module,no_attention,9999,0.6023770419516158,0.3434223832737869,0.4515819474592643,0.5848437299946302,0.5482403313125244,,,,,,126404.0,0.46103312044996214,0.4517000475682752,0.49701007653592466,0.3965845452828949
ontario,module,no_chemistry,9999,0.6250298304629607,0.25104947715955916,0.4811000085633316,0.5533104646570222,0.5645291370507547,,,,,,123737.0,0.5107422104464661,0.4508633479524521,0.507497666437587,0.45529680941682105
ontario,module,no_interaction,9999,0.5708421724735101,0.3056602047950363,0.45911592773158494,0.576905195607133,0.5611981709533137,,,,,,118601.0,0.49323989641450094,0.39962303735614335,0.5067462212784601,0.4368545558772352
ontario,module,no_grouping,9999,0.572342865034191,0.232035983817835,0.4053728506681132,0.6354976861742644,0.5938294576026149,,,,,,81493.0,0.4872143625659854,0.3793725160049154,0.3739790610394581,0.3809254630620944
ontario,module,random_grouping,9999,0.5994308937027796,0.29841064376754545,0.4920171276216275,0.5403490519335267,0.5383654899952909,,,,,,134985.0,0.5001854157573893,0.4775814247328741,0.5119155583285442,0.4783861116677023
ontario,module,no_hier_loss,9999,0.5924168124731009,0.31888928676260075,0.4748646863654044,0.5591312459024383,0.5527329244605397,,,,,,134985.0,0.488076107468133,0.43873963691776163,0.5169578491614337,0.45568515191428915
ontario,module,multitask_mlp,9999,0.5805533284237385,0.21445268590950115,0.40003642043138943,0.6410589582596011,0.6151477184566615,,,,,,4932.0,0.45743246787083613,0.36229572651606756,0.42197725258816,0.35844023475049425
ontario,feature,baseline_all_features,42,0.8869711820346718,0.5253698691916611,0.6878272375925243,0.2670143137992996,0.3588674631600237,,,,,,134985.0,0.7076359769890144,0.6600214102714944,0.7350278234759501,0.6486237396336382
ontario,feature,remove_Temp,42,0.7036099466156149,0.4803933029874144,0.6387329151938897,0.3091321353700632,0.38812562517600074,,,,,,123737.0,0.6533039001943028,0.6509698069892943,0.7047938908319307,0.5458640627600313
ontario,feature,remove_pH,42,0.582293648344294,0.4107927859931493,0.6122034814745979,0.33132509188570586,0.4281269364397514,,,,,,123705.0,0.6538288432345045,0.5689339614690805,0.6487895548105729,0.5772615663842335
ontario,feature,remove_DOC,42,0.8099221232777772,0.4691976814774121,0.40035590614793654,0.5146159150070522,0.5018229492001448,,,,,,123696.0,0.4342148158215241,0.3886467745994242,0.42397045791751664,0.35459157625328075
ontario,feature,remove_Cl2,42,0.8828063300781627,0.7520041193567475,0.6972370483672266,0.2630764255246591,0.3455756640474408,,,,,,112728.0,0.6504511583525616,0.7121594668202738,0.7123326316984955,0.7140049365975751
ontario,feature,remove_NO2-N,42,0.8851673830754989,0.5951659902151794,0.7025373715706656,0.25515478075945797,0.34707454006039085,,,,,,123737.0,0.707139161324869,0.6797129054087294,0.7483695701459443,0.6749278494031199
ontario,feature,remove_NH4-N,42,0.8844415659338565,0.5814603959332861,0.7013729296511722,0.25617661673062264,0.3479481655588129,,,,,,123737.0,0.7042306836256513,0.6839507826733242,0.7501306566314013,0.6671795956743116
ontario,feature,remove_Br,42,0.8591560220697516,0.6176670396704969,0.6340820843579217,0.31277391950932953,0.38875299528178164,,,,,,123712.0,0.6673857065451076,0.585625491630658,0.676397711776527,0.6069194274793936
ontario,feature,baseline_all_features,123,0.838697667306715,0.2953937149200404,0.7140241631668336,0.22410312356692802,0.33585760456721436,,,,,,134985.0,0.7156651257021653,0.6737088556657236,0.8001260996087081,0.6665965716907374
ontario,feature,remove_Temp,123,0.792473077278875,0.4538597263131771,0.6914601042879959,0.24179778409538816,0.35730768914975997,,,,,,123737.0,0.703269884645721,0.6872149547363773,0.7549905985961244,0.6203649791737605
ontario,feature,remove_pH,123,0.5653004274292462,0.31105819040009064,0.6241969158265259,0.29764564092333795,0.3816724509436439,,,,,,123705.0,0.6673125179697231,0.5736153070213054,0.5991446906859635,0.6567151476291121
ontario,feature,remove_DOC,123,0.22191903877706132,0.06168107892787805,0.22728466543271336,0.6075690084498686,0.6312997797339894,,,,,,123696.0,0.2783823974070585,0.18000322189393492,0.31530765311383424,0.13544538931602557
ontario,feature,remove_Cl2,123,0.5297112200500415,0.33387238149619547,0.6042197824294142,0.32750138487244984,0.40780403615810423,,,,,,112728.0,0.5485403134267939,0.6864890026961847,0.5655457005716913,0.6163041130229875
ontario,feature,remove_NO2-N,123,0.5536507614480055,0.27099782649093584,0.6253143781673767,0.2969780699027479,0.3973564451133637,,,,,,123737.0,0.6535247046505531,0.6426101063193668,0.6175547786855407,0.5875679230140466
ontario,feature,remove_NH4-N,123,0.5603634656700479,0.2678472993879,0.6276927364735099,0.290829643633727,0.4012254999513617,,,,,,123737.0,0.6776852765959223,0.6306733177188919,0.6381962375703141,0.5642161140089115
ontario,feature,remove_Br,123,0.5319957435871994,0.30883399252442134,0.6010379284723846,0.3206614054110593,0.40960316498245636,,,,,,123712.0,0.6010311361231854,0.6054067752396384,0.5947723905762027,0.6029414119505123
ontario,feature,baseline_all_features,456,0.6610359630065104,0.6788265096869379,0.5857004887160726,0.8118041697598312,0.5953723449819373,,,,,,134985.0,0.5977310298187759,0.5806932133268778,0.621586650991903,0.542791060726734
ontario,feature,remove_Temp,456,0.7849228533131278,0.6890727503256113,0.6092804007997704,0.7596663434244935,0.6130311656463763,,,,,,123737.0,0.642180140202084,0.5972678386760192,0.671358078899731,0.5263155454212471
ontario,feature,remove_pH,456,0.5664003523067787,0.6085871177573368,0.5147398425765423,0.948740346195364,0.6849852104951742,,,,,,123705.0,0.4805642525841749,0.5573222463806002,0.5723140412207275,0.44875883012066653
ontario,feature,remove_DOC,456,0.3325241116956285,0.5415299755045663,0.3284931046093783,1.3197690657029053,0.8136079630881784,,,,,,123696.0,0.33249774705397006,0.3390176443432681,0.354676837765441,0.2877801892748346
ontario,feature,remove_Cl2,456,0.7234848403573648,0.6545344828593072,0.5995207722694422,0.7869973539890441,0.579619830911285,,,,,,112728.0,0.6087804781424023,0.5949872503740559,0.6198420678970209,0.5744732926642899
ontario,feature,remove_NO2-N,456,0.658249743652072,0.6765390108939158,0.5926928326615941,0.7981960235058376,0.585172655694646,,,,,,123737.0,0.592433493027769,0.5785477984866423,0.649320310155447,0.5504697289765176
ontario,feature,remove_NH4-N,456,0.6622211370426185,0.6791136844309713,0.5889358185087017,0.8053393402690818,0.5876214423583658,,,,,,123737.0,0.6084981309476655,0.5636340982336802,0.6384577026465563,0.5451533422069049
ontario,feature,remove_Br,456,0.6492691534948493,0.663483130064239,0.601659391863197,0.7810052597542082,0.5786970507096949,,,,,,123712.0,0.6179008037851392,0.5939751765786896,0.6308395749182314,0.5639220121707278
ontario,feature,baseline_all_features,789,0.5748134186990951,0.5400591147590514,0.6337647841395069,0.24996298711513026,0.36066569447481844,,,,,,134985.0,0.6777087278783118,0.602980661752063,0.7598005424466404,0.49456920448101194
ontario,feature,remove_Temp,789,0.47000034210681174,0.5133047102710577,0.5353534921982261,0.31820939522139735,0.4167938399323022,,,,,,123737.0,0.5459944802086363,0.5335073716529597,0.658249029146858,0.4036630877844496
ontario,feature,remove_pH,789,0.518489904722273,0.5743053091265826,0.5569732783406691,0.2997310982986565,0.4145570071824661,,,,,,123705.0,0.6041292827102864,0.4783631224893182,0.6585553167892777,0.4868453913737941
ontario,feature,remove_DOC,789,0.29751820923588546,0.2959634835211054,0.32119703001743977,0.4644214337775686,0.5430579232114476,,,,,,123696.0,0.333719511701266,0.37393284632503765,0.39178299246751325,0.1853527695759416
ontario,feature,remove_Cl2,789,0.5405867799295447,0.5206453880328463,0.5048337093880204,0.33966791352551495,0.4260312524263635,,,,,,112728.0,0.5933771264481558,0.5938415252570941,0.5566860623884877,0.27543012345834406
ontario,feature,remove_NO2-N,789,0.5367548062337756,0.5581864378676823,0.6002123899314058,0.27403492947977354,0.3844662372479702,,,,,,123737.0,0.5920697923614868,0.645925303600217,0.63204285924753,0.5308116045163895
ontario,feature,remove_NH4-N,789,0.6551706906941489,0.5698085507454622,0.6308807193474666,0.24998317634782746,0.3480232094304445,,,,,,123737.0,0.6931278803362121,0.610417758196145,0.6672521381120144,0.5527251007454947
ontario,feature,remove_Br,789,0.5493572522272046,0.5532698248651617,0.606979973528827,0.27038588278796305,0.3806487367730819,,,,,,123712.0,0.590562806697313,0.6292797681490119,0.7121265575223568,0.49595076174662667
ontario,feature,baseline_all_features,1024,0.6899284889481396,0.6067374867141155,0.4290262738485555,0.6835124897148799,0.563470980699005,,,,,,134985.0,0.42069730900171554,0.4510614086464738,0.4700106147643073,0.3743357629817258
ontario,feature,remove_Temp,1024,0.6820046420643178,0.6060557245996757,0.42324433577987775,0.6904595260749077,0.5701012417254121,,,,,,123737.0,0.42213471533289326,0.4990700836606179,0.4390573424985106,0.33271520162748924
ontario,feature,remove_pH,1024,0.6933958041021447,0.5976452252915887,0.49825904966000467,0.6011674931200529,0.5497126342107376,,,,,,123705.0,0.5040302708490674,0.5179480023226899,0.5156670464518575,0.4553908790164042
ontario,feature,remove_DOC,1024,0.42591771796277145,0.4724370530933522,0.24144059344994606,0.911090483846994,0.6917318180344398,,,,,,123696.0,0.2968626783824173,0.24184849125928132,0.29237431961496585,0.13467688454311955
ontario,feature,remove_Cl2,1024,0.7806024112822059,0.6809679749173618,0.6203220900942932,0.454216519210758,0.45995807545387074,,,,,,112728.0,0.6091840218568081,0.640705396139323,0.6337053340622131,0.5976936083188283
ontario,feature,remove_NO2-N,1024,0.6979297704959622,0.6195264378099637,0.4736567811809781,0.6303739473410783,0.5261475243348095,,,,,,123737.0,0.4760141332685367,0.5167531992402625,0.48781015469454614,0.4140496375205668
ontario,feature,remove_NH4-N,1024,0.7126061399893789,0.610380364056194,0.4863289401082014,0.6151390202506799,0.5202543839920071,,,,,,123737.0,0.4871436739524161,0.5280797201046997,0.5028872939736253,0.4272050724020646
ontario,feature,remove_Br,1024,0.6645745096651199,0.6004239111980478,0.4591123622881894,0.6483945030136746,0.5555358692480046,,,,,,123712.0,0.47439219402531996,0.4979276871371997,0.4826730375163518,0.38145653047388595
ontario,feature,baseline_all_features,2025,0.5638171550262491,0.37664456545631086,0.5237926905140349,0.46640915965414426,0.5035928617240713,,,,,,134985.0,0.5459336385710634,0.4666193371759262,0.6229612977569696,0.45965648855218033
ontario,feature,remove_Temp,2025,0.5410786380869873,0.3893808326328145,0.5407846285820481,0.45696506213979016,0.46691433788101977,,,,,,123737.0,0.4933286350018731,0.6180870677916752,0.6859003440690326,0.36582246746561176
ontario,feature,remove_pH,2025,0.5282702271126175,0.41158843128375383,0.46646530753092547,0.5164083632169705,0.5095629530034925,,,,,,123705.0,0.5844006033001015,0.5026654313536916,0.4779635409311581,0.3008316545387507
ontario,feature,remove_DOC,2025,0.25007835298071557,0.12882961694506817,0.2679178174202052,0.7226708082099113,0.6764210952467092,,,,,,123696.0,0.2819902053804564,0.2971783725954972,0.37174754034687985,0.12075515135798665
ontario,feature,remove_Cl2,2025,0.5125551819447518,0.3206116149007568,0.476916403998048,0.5124380391117895,0.5557235187321232,,,,,,112728.0,0.5218454367703957,0.5082593762970307,0.5437520893377827,0.3338087135869835
ontario,feature,remove_NO2-N,2025,0.5503521207683202,0.3941136682180154,0.5440151081391637,0.4596103641111586,0.4590898425361387,,,,,,123737.0,0.4584789195835969,0.6207161337102471,0.6654753755109959,0.4313900037518148
ontario,feature,remove_NH4-N,2025,0.553037624761769,0.39132079396623876,0.546614950018095,0.45518895487914646,0.45435707177178747,,,,,,123737.0,0.4722713251982045,0.6277914274620284,0.6779876702028416,0.4084093772093056
ontario,feature,remove_Br,2025,0.5423371965768271,0.38955088158587625,0.5342611870647086,0.45032342596040864,0.5087160751379236,,,,,,123712.0,0.6067333636849077,0.47486031044636134,0.6201598251875025,0.435291248940063
ontario,feature,baseline_all_features,3407,0.7507261403795246,0.6765179431149473,0.5951497041875402,0.5148552274510702,0.4771949339820364,,,,,,134985.0,0.5856957513501478,0.6060927262680982,0.6261278194387547,0.56268251969316
ontario,feature,remove_Temp,3407,0.6444250715156954,0.6050957273206207,0.6020979224035173,0.5064080278084512,0.49318474588677896,,,,,,123737.0,0.5912576356627466,0.6129048439214959,0.655325516767699,0.5489036932621281
ontario,feature,remove_pH,3407,0.7287011351127967,0.6813424703768739,0.5729723417389756,0.5424152519478767,0.4930824625673614,,,,,,123705.0,0.5488485549187134,0.5695014495199536,0.6044691384328771,0.5690702240843578
ontario,feature,remove_DOC,3407,0.5276287775765977,0.5026328411204484,0.20599824141289544,1.0231226079025413,0.6918406548647247,,,,,,123696.0,0.3138490246473077,0.22816535506691737,0.2562257041368653,0.02575288180049229
ontario,feature,remove_Cl2,3407,0.7601451406999563,0.68843599573155,0.636738738182933,0.4615939096993583,0.46943297751707025,,,,,,112728.0,0.6214575231075506,0.6465460270546013,0.679317860823437,0.5996335417461431
ontario,feature,remove_NO2-N,3407,0.7694264337041522,0.6925657066562447,0.5420566064256078,0.5806368960924183,0.49927784022115124,,,,,,123737.0,0.5116742547112292,0.5535187789431548,0.5908143916661706,0.5122190003818765
ontario,feature,remove_NH4-N,3407,0.7433835248456976,0.6630764847823868,0.5774786730006232,0.5390249284026929,0.49179254702828945,,,,,,123737.0,0.5734781828269555,0.5755940994849049,0.6199624425339011,0.5408799671567317
ontario,feature,remove_Br,3407,0.7421104994710352,0.675990812983495,0.5883848841658347,0.5235225133759365,0.47986097258053584,,,,,,123712.0,0.5740516744193294,0.5975077548674884,0.6383151119926457,0.5436649953838754
ontario,feature,baseline_all_features,5555,0.7399641727960551,0.484711288964821,0.4586090392613622,0.39665467005797816,0.405177006320542,,,,,,134985.0,0.3869036027404128,0.5163453557128035,0.5135792731072877,0.41760792548494496
ontario,feature,remove_Temp,5555,0.5754886499669036,0.506724120448955,0.4599569156702763,0.40274540538555137,0.4541892624958469,,,,,,123737.0,0.4996941018109904,0.41031706504629506,0.5181861434578634,0.4116303523659566
ontario,feature,remove_pH,5555,0.572768024239414,0.5496173035533001,0.4503662273930146,0.4084728941374919,0.47562742391500973,,,,,,123705.0,0.46698850178011064,0.4203995018152137,0.4809387956079417,0.43313811036879235
ontario,feature,remove_DOC,5555,0.44407298265300743,0.44265976263169704,0.10368503483540406,0.6625674035939606,0.6118129975354449,,,,,,123696.0,0.1432717639189639,0.14886644447503794,0.10976134104594171,0.012840589901671806
ontario,feature,remove_Cl2,5555,0.6269199061867633,0.4830577661280532,0.4364315415473213,0.41404351188770305,0.44669119016116754,,,,,,112728.0,0.408598122432012,0.4967559197930662,0.5450536150106843,0.29531850895352285
ontario,feature,remove_NO2-N,5555,0.5860940679393197,0.4736111777742132,0.40059433479964257,0.4451940376904221,0.48182078464014677,,,,,,123737.0,0.4525199945774395,0.3944585201798585,0.4197172987213683,0.3356815257199035
ontario,feature,remove_NH4-N,5555,0.5735990665151958,0.4788246530429855,0.4169395293392485,0.4341897861475326,0.46269175327320017,,,,,,123737.0,0.46984258571313864,0.3845873771001096,0.43693264043212376,0.37639551411162187
ontario,feature,remove_Br,5555,0.6190582763066523,0.5205634582402573,0.4192763875273463,0.4267094670647318,0.4574784560666683,,,,,,123712.0,0.31811313673382446,0.4362962112107176,0.4478852528851155,0.47481094927972733
ontario,feature,baseline_all_features,7777,0.879916129916298,0.7818090624413739,0.6247405706210203,0.42769168643795785,0.4579034356083107,,,,,,134985.0,0.5982022726348434,0.6351692440777057,0.6377077709353857,0.6278829948361464
ontario,feature,remove_Temp,7777,0.7574763515916383,0.484558732890071,0.670003301553786,0.37449600201128563,0.4433555188204037,,,,,,123737.0,0.6372511621092085,0.7081544023128308,0.7331260364468559,0.6014816053462488
ontario,feature,remove_pH,7777,0.46997619745029795,0.4168326793204429,0.47267616270069324,0.6009656691651963,0.5499325216797541,,,,,,123705.0,0.4599147158499174,0.49344883219327107,0.4383406061452305,0.49900049661435375
ontario,feature,remove_DOC,7777,0.7774219402531021,0.5683483453644671,0.3013764535658474,0.7892103785235871,0.6769683554670638,,,,,,123696.0,0.3388548795201948,0.30937186626049684,0.30769001520520156,0.24958905327749625
ontario,feature,remove_Cl2,7777,0.843426249307593,0.8414083610602203,0.6624801529179422,0.3852650719371192,0.44489339901646097,,,,,,112728.0,0.6154179782277045,0.6862250261447478,0.7067730006488284,0.6415046066504879
ontario,feature,remove_NO2-N,7777,0.8564000994071637,0.7857627765272344,0.6553152752946652,0.3948159812069763,0.4539308249025286,,,,,,123737.0,0.592512930935081,0.6907159584213195,0.6974472250023505,0.6405849868199095
ontario,feature,remove_NH4-N,7777,0.922676226823349,0.7517908521278914,0.6266805771525774,0.4243495401036126,0.45485354794024524,,,,,,123737.0,0.6196222267488225,0.5968127236410607,0.6332468929057113,0.6570404653147146
ontario,feature,remove_Br,7777,0.8653279794925799,0.7501825460886398,0.6205553030781943,0.4351752230894669,0.4694179984296158,,,,,,123712.0,0.5598098322319154,0.6530321232041882,0.6376979111261624,0.6316813457505109
ontario,feature,baseline_all_features,9999,0.5923546611985624,0.3185615686684087,0.47483669164925946,0.5591628039815038,0.5530974031900202,,,,,,134985.0,0.48817872426985365,0.4386616867893244,0.5167673084754549,0.45573904706240453
ontario,feature,remove_Temp,9999,0.604593298325378,0.21726672019485319,0.4548372868545467,0.5802721156360411,0.581094363137694,,,,,,123737.0,0.45261198484251697,0.4607041848564557,0.48958373060811955,0.4164492471110943
ontario,feature,remove_pH,9999,0.5769679532281685,0.34810757045496254,0.392010684379748,0.6493587698038414,0.6037962643704593,,,,,,123705.0,0.44587645008102195,0.35951526863719996,0.41083178382181207,0.35181923497895784
ontario,feature,remove_DOC,9999,0.6635017542481595,0.37728969947390345,0.2176176390291631,0.8305700805627784,0.6248264639644903,,,,,,123696.0,0.24074358467030899,0.14652654776541907,0.2249826028633718,0.2582178208175525
ontario,feature,remove_Cl2,9999,0.5933783920064645,0.2932491691276051,0.5078577647488363,0.5224834671240205,0.51209278723539,,,,,,112728.0,0.5062473050395702,0.4963614986422422,0.5174801771388564,0.5113420781746765
ontario,feature,remove_NO2-N,9999,0.5969189958714324,0.26609955303976657,0.4665012935076144,0.5661435942132077,0.5689297431942032,,,,,,123737.0,0.46502841741699963,0.40345768010967886,0.5106222291483979,0.4868968473553811
ontario,feature,remove_NH4-N,9999,0.5966424106277012,0.2674556536948801,0.4642292732256509,0.5688117847609753,0.5729263193324752,,,,,,123737.0,0.46985132245855665,0.39310907316697485,0.5077812235813555,0.48617547369571645
ontario,feature,remove_Br,9999,0.5926791160831255,0.2825057368721636,0.4250379221568167,0.6115560188319485,0.582226479886749,,,,,,123712.0,0.4535606572416475,0.37311682940203283,0.4382505479690315,0.43522365401455476
original,minimal_sensors,explainable_minimal,42,0.5063006266640004,0.4488036974026026,-0.00029602591710584656,0.5846610171090847,0.5592915170156644,-0.09980038779251599,0.05186568926564994,0.07605201893214775,-0.027083121154821255,-0.0025143288359898985,100015.0,,,,
original,minimal_sensors,svr_minimal,42,0.5615306688156452,0.16492796425500458,-0.0764841213006368,0.6111816212904089,0.5610382322390739,-0.07255643355730323,-0.18818488642097075,0.07587505578443754,-0.11268225253529063,-0.08487208977405714,,,,,
original,minimal_sensors,explainable_minimal,123,0.5580498462886994,0.4287957987581712,0.18052899701945985,0.5066895036810964,0.5525102536650566,0.1392328942847486,0.21319571600800158,0.09072156958692523,0.18739784067241572,0.2720969645452077,100015.0,,,,
original,minimal_sensors,svr_minimal,123,0.5747181731806181,0.493701270556025,0.15977856319617173,0.5198632824010753,0.5697643412970441,0.1300104378248803,0.19111268320979147,0.07316529502001656,0.17515435745373364,0.22945004247243617,,,,,
original,minimal_sensors,explainable_minimal,456,0.48572206585764394,0.4054811382780431,0.2735621211183664,0.6471427409515953,0.6208339710521237,0.28247793904243834,0.34507720633098915,0.0835363825984361,0.31389727013111146,0.34282180748885693,100015.0,,,,
original,minimal_sensors,svr_minimal,456,0.5514603615410799,0.2462763677903724,0.11663425247790984,0.7669284763872859,0.6662759301942728,0.1979126294238439,0.01751517928985502,0.020780237142278835,0.150721102616154,0.1962421139174173,,,,,
original,minimal_sensors,explainable_minimal,789,0.45603315707137454,0.31451082022682586,0.07756097314884314,0.9959338726346003,0.6916187176159448,0.15129670020591413,-0.0073741367912592,0.02591611320772358,0.07132909048824942,0.1466370986335881,100015.0,,,,
original,minimal_sensors,svr_minimal,789,0.5005345211591369,0.02593204795295061,-0.18391522078722214,1.1487526104859334,0.7380263879620611,-0.008730979813685646,-0.5110446450990442,0.039009288040575796,-0.27968808427651015,-0.15912168278744576,,,,,
original,minimal_sensors,explainable_minimal,1024,0.34275832335197143,0.3764779963020568,0.2498568528073534,0.6691655713189164,0.6672586274871635,0.23922186043974913,0.43774066537716283,-0.1483408001766906,0.36515560165502947,0.35550693674151534,100015.0,,,,
original,minimal_sensors,svr_minimal,1024,0.4097426932095255,0.23119112164953548,0.37547628933812427,0.5627646447893072,0.5628773590055098,0.3986395866880268,0.47548456637798064,0.06832666135428045,0.45423074203220726,0.48069989023812587,,,,,
original,minimal_sensors,explainable_minimal,2025,0.5949211343332752,-0.15135702593059247,0.05991408435691274,0.37965340643330997,0.4818257390602301,0.00910996925252161,0.24648370799169717,-0.1264930529564503,0.088036407717617,0.08243338977917869,100015.0,,,,
original,minimal_sensors,svr_minimal,2025,0.5260642740236872,-0.43250116410319794,0.161211626381709,0.33939358075932735,0.45595750575155003,-0.061280666036694464,0.34448643221062725,0.06097008326153719,0.19740266707739718,0.264479615395678,,,,,
original,minimal_sensors,explainable_minimal,3407,0.5458876417542082,0.4014466828903099,0.10129048485417343,1.1249559504547662,0.7210675683886625,0.09630653626473817,0.05903654066128483,0.07121260691410103,0.0845469472000887,0.19534979323065438,100015.0,,,,
original,minimal_sensors,svr_minimal,3407,0.5294107475389567,0.20586289058599677,-0.11683689483884056,1.2761481079551775,0.7600952060004573,-0.15324974385777912,-0.22063867219327227,0.03804468949265116,-0.18252889029834662,-0.06581185733745576,,,,,
original,minimal_sensors,explainable_minimal,5555,0.5405682510987322,0.2808817445197948,0.45171152292726874,0.5971190741760478,0.644073356164952,0.4945390636516026,0.6164754476303324,-0.05063603213142365,0.5927285210473239,0.6054506144385088,100015.0,,,,
original,minimal_sensors,svr_minimal,5555,0.3718500141213078,0.08689488487881263,0.45281813988183633,0.6203251920963877,0.640493368830253,0.44303227812897017,0.6041343546264517,0.12428514645996402,0.5472077170015671,0.5454312031922288,,,,,
original,minimal_sensors,explainable_minimal,7777,0.3730925236810064,0.2351496761026831,0.3093892852646652,0.9240981823883377,0.7426775442811886,0.2598151504956059,0.43791293714125423,-0.03557555362828513,0.4038329763760926,0.48096091593865875,100015.0,,,,
original,minimal_sensors,svr_minimal,7777,0.2919195205605391,0.06064586732158619,0.11128641387685607,1.288220345428552,0.8348271422993607,0.08864657933113029,0.05212367300334164,0.0017012310617517956,0.11483798610477214,0.29912259988328516,,,,,
original,minimal_sensors,explainable_minimal,9999,0.23321396077643008,-0.18452263743736594,0.19413878041409954,1.8535347117764016,0.8011350578123027,0.33062705871420417,0.2455827592376616,-0.2418922767392977,0.22231795109342878,0.41405840976450026,100015.0,,,,
original,minimal_sensors,svr_minimal,9999,0.6942707515197661,-0.5605904913763109,0.38174447035175263,1.406125665118068,0.7394631410330248,0.3444931276354253,0.4300769693383606,0.059420906424550224,0.523659240086578,0.5510721082738483,,,,,
