Dataset,Seed,Model,Train R2,Val R2,Test R2,Test MSE,Test MAE,Test R2 DCAA (ug/L),Test R2 TCAA (ug/L),Test R2 BCAA (ug/L),Test R2 HAA5 (ug/L),Test R2 HAA9 (ug/L),Params
original,42,Linear Regression,0.6438624456550621,-0.7565801243213897,-0.3081399311210512,0.783623843843856,0.735655901373842,-0.0669227808271772,-0.5781272686712251,-0.6951326402194977,-0.1693714720968062,-0.0311454937905499,
original,42,Ridge Regression,0.6020267258209488,-0.0767665753576384,0.0220802040200257,0.5805966435803767,0.6321299032963887,0.0248492967746373,-0.0282002194849451,-0.0756685273224855,0.0645251405257605,0.1248953296071604,
original,42,Lasso Regression,0.6418213139410733,-0.5490269154187765,-0.2194273847206133,0.7271821788752717,0.7092276185151345,-0.0542755984105973,-0.4462249832466516,-0.507251634728489,-0.0949735743692121,0.0055888671518827,
original,42,Elastic Net,0.621986398400465,-0.1635571519631433,-0.0529829197614854,0.6217708621742819,0.6567162152949884,-0.0139646542789411,-0.1530158414426556,-0.1577596389364413,-0.0112162237100041,0.0710417595606148,
original,42,Random Forest,0.900952347077744,0.1447289447527377,0.2130211672298207,0.5022500723933936,0.5241792250803226,0.1393656054428083,0.3702957493799297,-0.1139408715339842,0.3151102382005454,0.3542751146598041,
original,42,Extra Trees,0.9664472324682012,0.358202431660772,0.1787145748967146,0.4901926122969438,0.5338665329983197,0.1577337613870181,0.193477164196223,0.101844998726684,0.2328257429865574,0.2076912071870903,
original,42,Gradient Boosting,0.9985233587650204,0.0830821008178706,0.1501637310466462,0.5870428788113855,0.469046266774492,0.2782424075439088,0.4081521325270765,-0.7329847135775935,0.3656452021239402,0.431763626615899,
original,42,Support Vector Regression,0.7807873398523174,0.4609815995822647,0.2855520200112608,0.4293145149648129,0.4559025272069699,0.3491170315374992,0.2567194018248361,0.1332854866926766,0.3448376584893369,0.3438005215119554,
original,42,K-Nearest Neighbors,1.0,0.0650912256975107,0.1004789779930111,0.5163286573426291,0.5676505261899745,0.1362999813951017,0.0118156515882444,0.1556495610919723,0.0830805361112434,0.1155491597784933,
original,42,Decision Tree,1.0,-1.0071563557464909,-0.7155187614591044,1.1512331434732963,0.6372583911196543,-0.0748919578405367,-0.5740846689413073,-2.468720735679343,-0.1197918534063515,-0.3401045914279852,
original,42,XGBoost,0.9993310745784976,-1.2851551288012963,0.1944151469517069,0.5104776095358737,0.5104435162615328,0.0602648895879093,0.4181901498269375,-0.0532444941177159,0.2817566414001301,0.2651085480612734,
original,42,LightGBM,0.9419091566403364,-0.154512657307625,-0.0486888829495738,0.6141485926464358,0.5442617880373251,-0.1673449164912115,-0.1332568390084103,-0.0086772733998574,0.0514009481802365,0.014433665971373,
original,42,CatBoost,0.9993888583567008,0.3261416480782277,0.2231815957404838,0.4720728035208127,0.4823341961650727,0.0897425636078455,0.3030193229177306,0.146370592622077,0.2719241290239674,0.304851370530798,
original,42,Support Vector Regression+chem,0.8137294108323939,0.0133338382292673,0.255806577306784,0.4405859198149076,0.4884864244243315,0.3355154711573384,0.1887495527696251,0.144528655850834,0.3046182203546826,0.3056209864014396,
original,42,Random Forest+chem,0.9084151243938818,0.1509220281152412,0.2133459364248184,0.4978307256707968,0.5226341658106614,0.1269579977739245,0.3557165152615847,-0.0688959895376082,0.3102641749013055,0.342686983724885,
original,42,Ridge Regression+chem,0.6121409319905939,-0.1887798860652232,0.0149319190216841,0.5863173967603438,0.6340659815984339,0.0178170014313153,-0.0206674234869748,-0.0940648846677278,0.0542559678773569,0.1173189339544514,
original,42,TabNet,0.8964499475661183,-0.1829836295883443,-0.4998868224933099,0.8103203862566737,0.6675437995446345,-0.3713210295946687,-0.9495109610080416,-0.0347562862045967,-0.6698570320665569,-0.4739888035926862,6200.0
original,42,Multi-task MLP,0.8226778380586388,0.402671552430288,0.2675676111181768,0.4457337650753635,0.4601084369559928,0.2533021547612464,0.2772792926848534,0.1116936761160025,0.3649557658720024,0.3306071661567792,5061.0
original,42,KAN Model,0.7582575068548942,0.1877408114323449,-1.3218533482233124,1.2130235251442716,0.7152457260379983,-0.9516943977140996,-2.0570032911852105,-0.2817692425008113,-1.5161800872563609,-1.80261972246008,546.0
original,123,Linear Regression,0.6093529085822726,-0.8702131845602743,-0.0594919165878279,0.6546957815259725,0.6207322743463444,-0.1329648984345146,0.0392970879023389,-0.1428149690479792,-0.0406779657766511,-0.020298837582334,
original,123,Ridge Regression,0.5663603956739486,0.3352773190337638,0.1519388738473292,0.5248394665334077,0.5518590460331039,0.1242218291996278,0.2391086202271157,-0.0054738389303727,0.1890377622115576,0.2127999965287179,
original,123,Lasso Regression,0.5213740063267587,0.3541014737531741,0.2313840992127254,0.4759668773614861,0.5269270440541325,0.2137870655884534,0.3122842073120691,0.02310827696125,0.2813667972892107,0.3263741489126438,
original,123,Elastic Net,0.5428235109454158,0.3294266451068973,0.233430076730856,0.4746171091166987,0.5310675441822899,0.2105434948097442,0.3121528944461044,0.0376864990434789,0.2844814941546676,0.3222860012002847,
original,123,Random Forest,0.911781458528628,0.3247691309587602,0.1445558875021346,0.5278396370014866,0.5439306203680758,0.0328390251132303,0.2603445083763916,-0.005122474505163,0.1945434519714405,0.2401749265547736,
original,123,Extra Trees,0.9999959385345476,0.3727782508876734,0.2110870844173439,0.4866451998097416,0.50755783140035,0.1116192781981979,0.288021269722636,0.1512345384900333,0.2283609209386727,0.2761994147371799,
original,123,Gradient Boosting,0.9999821284479392,0.3393440132024701,0.0417986317838047,0.5875978449322254,0.5495757766395328,-0.226935101323183,0.1707871867083866,0.2581593956642675,0.0067728470382942,0.0002088308312582,
original,123,Support Vector Regression,0.7408537595276543,0.4820648066270023,0.3714323353896577,0.3915672468718564,0.4639603267587835,0.4548946392758867,0.3999318821786543,0.1195582802093438,0.4449640678519946,0.4378128074324089,
original,123,K-Nearest Neighbors,1.0,0.3376887867109806,-0.089944024877021,0.6725855476479929,0.5826893424464586,-0.1950023346705227,-0.0826443778809054,0.0655988787966208,-0.1315236743138552,-0.1061486163164435,
original,123,Decision Tree,0.8703822498890043,-0.0085366862877795,-0.4058182854852467,0.8433618801149017,0.7001730594113849,-1.892736614363086,0.1294276364320734,-0.216727251925467,-0.1261493372102382,0.0770941396404825,
original,123,XGBoost,0.9996478882279228,0.290750015925159,-0.1199738758951102,0.6836809150715815,0.6070545321968835,-0.6074800715036393,0.1688940221216791,0.0677652147937494,-0.1031869805878271,-0.1258615642995135,
original,123,LightGBM,0.9781648252762112,0.5206677092652701,-0.448425162603983,0.8899152379824986,0.674472916144379,-0.7758573602526639,-0.3611604740034191,-0.0980060422420985,-0.510761641097601,-0.4963402954241329,
original,123,CatBoost,0.9997836313717,0.4039326579893195,0.068005788323943,0.5720549639850779,0.5302489573776039,-0.1909106643900699,0.1089116260912961,0.2607774187198726,0.0615440051696695,0.0997065560289465,
original,123,Support Vector Regression+chem,0.7635066143047121,0.4445963406411128,0.3361188912433165,0.4124376304485722,0.4894537728947403,0.3858967122330542,0.3907391583991381,0.1391416035572317,0.3815469494840198,0.3832700325431385,
original,123,Random Forest+chem,0.9118489121391278,0.2992530487904214,0.1434719986604486,0.5291520919335931,0.545667995408343,0.0634265672233865,0.2337158792494327,0.0057289240508223,0.1894683116388389,0.2250203111397626,
original,123,Ridge Regression+chem,0.5738491460630897,0.3569295885363491,0.1016002934068718,0.555604035593497,0.5592100847980326,0.0533273317321782,0.2113474238734504,-0.0634233097296907,0.1428867038405369,0.1638633173178837,
original,123,TabNet,0.5700877055026268,0.3392513008773702,-0.0855501809406777,0.6648491834790471,0.5801117746700266,-0.3906968015544718,0.0905431615315889,0.1057513097287604,-0.1941386460187517,-0.0392099283905147,6200.0
original,123,Multi-task MLP,0.6276408385280204,0.3444503374176889,0.1169950644130606,0.5441766952056911,0.5378953289354168,-0.0087520218287231,0.2614641385933399,0.0524612496419271,0.1273539094200441,0.1524480462387156,5061.0
original,456,Linear Regression,0.5597325197237967,0.1771207452320919,0.3728042534511778,0.5709120977371849,0.6031308060705761,0.4651427788795134,0.363510702983242,0.1011228214206029,0.4566659483442733,0.4775790156282574,
original,456,Ridge Regression,0.5286724827505497,0.3290670468137772,0.3723529883821289,0.5750615940041124,0.6160162228040289,0.4258630643195764,0.4217671315389314,0.0790829310700164,0.4566115731122874,0.4784402418698327,
original,456,Lasso Regression,0.4824199565334057,0.3375803393962865,0.2823176084788636,0.6526662034740781,0.6447569447777107,0.3299147995337,0.3866634832003798,-0.0095834525374414,0.3381690204784837,0.3664241917191966,
original,456,Elastic Net,0.3095874905162395,0.2704460728979775,0.1972800703170271,0.7212596996041114,0.6776979506410701,0.1518856570790732,0.3197576816746572,-0.0531879664653085,0.270031637404199,0.2979133418925145,
original,456,Random Forest,0.8802242977147804,0.4458448430602305,0.3799264548107298,0.5735736551502957,0.5920889867446957,0.446185723612497,0.4437092527852083,0.0477415238957439,0.4675573094693485,0.4944384642908512,
original,456,Extra Trees,0.9348800013338976,0.3364876453859212,0.4091617716822188,0.5298167691266417,0.547047796518946,0.4048143794438142,0.4799030302097637,0.229552995778637,0.4596396640405565,0.4718987889383226,
original,456,Gradient Boosting,0.9922547058714176,0.2497858823350967,0.468160140327622,0.4736726819316972,0.4856291677082579,0.5958359609470932,0.4094223143245777,0.3113981736744953,0.49704966708131,0.5270945856106338,
original,456,Support Vector Regression,0.6891031690197451,0.4810122908260698,0.4574793323679323,0.5004066088033169,0.5280257131556261,0.5015556977863933,0.5396386282268437,0.1816319573553593,0.5270011186189605,0.5375692598521049,
original,456,K-Nearest Neighbors,1.0,0.4920473574004184,0.3944117682858254,0.5808536348175461,0.540185336528104,0.5343618537913565,0.5093339770269218,-0.0916043316437458,0.5236217086753865,0.496345633579208,
original,456,Decision Tree,0.6022626548491019,0.3188295247481474,-0.0585412247572119,0.9197792169760868,0.7692744133766721,-0.4603204731260408,0.1115151124867481,-0.121731041531701,-0.0086529841400602,0.1864832625249944,
original,456,XGBoost,0.9978008350068468,0.0133545511916712,-0.0918118612895142,0.967629812319248,0.7012551491740462,0.1095355922748591,-0.2002487451828185,-0.3737585424383689,-0.0966695544213065,0.1020819433200643,
original,456,LightGBM,0.9700039921228442,0.1436830016916864,0.2469973182275141,0.6710756211851597,0.5891824636372793,0.3974397675975788,0.1040455726336121,0.0192521909776274,0.3535515573841317,0.3606975025446205,
original,456,CatBoost,0.8201940392168607,0.4202046188093427,0.4036910968528424,0.5438783612608227,0.5714142890463701,0.4908802272667807,0.4222079736605172,0.1399062243619228,0.4853796620405469,0.4800813969344444,
original,456,Support Vector Regression+chem,0.6925775269315982,0.52342851558003,0.5067416130382825,0.4585994402729502,0.4895910538425158,0.5375770378151803,0.6035000965515631,0.2300633858754992,0.5760313677266071,0.5865361772225625,
original,456,Random Forest+chem,0.8826622413448793,0.4565788593996016,0.3843952008801627,0.5567444518046362,0.5910243771849643,0.3995958755472951,0.4302652705381304,0.156334644520252,0.4596020898628959,0.4761781239322401,
original,456,Ridge Regression+chem,0.5458694650948595,0.2703485754509245,0.3863688518911979,0.5624239080003253,0.6135205750290027,0.4388339955279904,0.432800940046444,0.0978319942104931,0.4695547060151642,0.4928226236558978,
original,456,TabNet,-0.3751628288843272,0.3990660914375797,0.2534279129455393,0.6808541137723962,0.6068688313546072,0.2695926064157409,0.355981813946254,-0.0620519425912935,0.3700803635076795,0.3335367234493158,6200.0
original,456,Multi-task MLP,0.5876019672347781,0.2971483379662417,0.4142429489315199,0.5450905512861534,0.588488367516541,0.4435898397003787,0.4628647791912093,0.0756746016676123,0.5195887677547902,0.5694967563436091,5061.0
original,456,KAN Model,0.6727569803916938,0.414111044139022,-0.1231109439189985,1.115556578260029,0.7151822529063983,0.1085056986361141,0.4356250981207737,-1.291170710820543,0.1164853649643263,0.0149998295043355,546.0
original,789,Linear Regression,0.5666489892759861,-0.3622026127258714,0.2842369330707603,0.8768148764463843,0.6044501708526576,0.327390150616028,0.2839975358768827,0.0085477613448057,0.3485435484187545,0.4527056690973307,
original,789,Ridge Regression,0.5219930131008053,0.006120450883155,0.3314942528360348,0.845065332401596,0.6131269061353402,0.4057713703923703,0.3497997275060385,0.0154157573286644,0.4099591360783956,0.476525272874705,
original,789,Lasso Regression,0.4743847650328166,0.1395877150877859,0.1763847167173284,0.944555567124505,0.6665762520096727,0.1912450048774748,0.1895418007303577,0.0062412011215625,0.2039587382586583,0.2909368385985887,
original,789,Elastic Net,0.2939355463129363,0.1612864542211334,0.1057271559758175,0.9966830388323876,0.7186416766793703,-0.0133247281982309,0.1821801699854249,-0.0118621951012365,0.1481312366643127,0.2235112965288179,
original,789,Random Forest,0.9084606814283556,0.0030437021948831,0.2149861886592435,0.910526414987291,0.6442429776301588,0.3347987377684143,0.0560783551035016,0.0268055867671463,0.3428784917421689,0.3143697719149865,
original,789,Extra Trees,0.9465429762722206,0.1067620810694111,0.3458350868285342,0.797670064559136,0.5582665435252268,0.5310174756814858,0.2629742842830241,0.1011632796632689,0.3942087270704011,0.4398116674444915,
original,789,Gradient Boosting,0.999999998120287,-0.3803688047357839,0.274322831534748,0.82851367539798,0.5465140542867404,0.5923277327716605,0.0654090878238368,0.1290610132615302,0.290090177335454,0.2947261464812587,
original,789,Support Vector Regression,0.7120290680266571,0.5969832670410625,0.4237355257026552,0.7880405381023954,0.5132866068186317,0.5472363345289971,0.5172923545075826,0.0187550710016338,0.5327322905981537,0.502661577876909,
original,789,K-Nearest Neighbors,1.0,0.1524055383324442,0.2759423504154512,0.8726691430035567,0.6119529554302778,0.2546031190132943,0.3813033846300551,0.0330338515153496,0.3475331005491794,0.3632382963693774,
original,789,Decision Tree,0.6589047282069277,-1.1189771661453212,-0.2253282252841023,1.1867928440496271,0.7937954786628493,-0.2266202057377015,-0.2838958121188979,0.0153181824378474,-0.4397947780225197,-0.1916485129792393,
original,789,XGBoost,0.9998832039663248,-0.252441486707691,0.2776796985656554,0.8599919744260948,0.5530968406932983,0.6742956056190669,-0.0744694800844094,0.0489410649844017,0.3466107736912647,0.3930205286179538,
original,789,LightGBM,0.9067757562868431,-0.2164251145894235,0.0182500796855131,0.971641650626854,0.6542751815419383,0.3009161325259388,-0.3622526577118357,0.1563600545572678,-0.1005520472097123,0.0967789162659072,
original,789,CatBoost,0.9991743072383596,0.0570066376672863,0.4551944545913343,0.6836374722260103,0.4718017390485034,0.4851417321814221,0.4672588723349578,0.2097387821366464,0.5650855841815761,0.5487473021220695,
original,789,Support Vector Regression+chem,0.7159855131667803,0.5602156575426831,0.4258996739487307,0.7558563886421888,0.506506837769106,0.5559677282907125,0.4583057506739975,0.0873898619704908,0.5259145094638249,0.5019205193446286,
original,789,Random Forest+chem,0.9067442768843196,-0.0225361144600892,0.2265439456140186,0.8929745841911746,0.6487088007548165,0.3376698103556543,0.0825550290288436,0.0507209893643814,0.3386771834952746,0.3230967158259392,
original,789,Ridge Regression+chem,0.5293182328700877,0.1335969671116182,0.3434486044567988,0.8189834814682957,0.6037820002836022,0.4182286431725858,0.3429953107001228,0.0575024565634871,0.4151575968748676,0.4833590149729309,
original,789,TabNet,0.2019286479939284,0.5606535743525123,-0.3834811092124003,1.1965388725158126,0.7513407911125627,-0.4067797088691682,-0.7169726644622683,0.205929324070741,-0.7303439479076617,-0.2692385488936444,6200.0
original,789,Multi-task MLP,0.6037272248796708,0.3932908303814758,0.42642808037962,0.7737222558938277,0.5575983243971827,0.5580634681857137,0.4706104207513997,0.0457116674173696,0.5146884942748922,0.5430663512687252,5061.0
original,789,KAN Model,0.722774942738944,0.3230053224266737,0.0146741619552494,0.9888528091099432,0.6745907481013862,-0.0346900399030258,0.0162578160976764,0.1318565578773045,-0.0686455361706328,0.0285920118749257,546.0
original,1024,Linear Regression,0.6219007667729664,-0.9033763493376554,-0.2777302162192997,1.1125850163217776,0.7550419962305968,-0.5078838499609641,0.2184026736948967,-1.0685068763331231,-0.026938022664227,-0.0037250058330819,
original,1024,Ridge Regression,0.5565700880189406,0.4966463229213664,0.258589039226817,0.6469709091054707,0.664007742056626,0.2934403669493364,0.4534184958591648,-0.3086329154844207,0.4183887807034059,0.4363304681065981,
original,1024,Lasso Regression,0.6186589652978243,-0.3138860112727413,-0.1144147367271739,0.9674934356757362,0.7214747275792,-0.2759992345138053,0.3193547282363305,-0.8559280225297563,0.1081341111338997,0.1323647340374609,
original,1024,Elastic Net,0.3274834594652024,0.3345764111577972,0.2291252619681316,0.6872602470213224,0.6874971664739068,0.1846297108776671,0.3886658743778951,-0.175590710760332,0.3580404526219857,0.3898809827234415,
original,1024,Random Forest,0.9060238093235446,-0.0355484670269121,0.1418812284688251,0.7400531515627392,0.6582151926782804,0.277429659262,0.3574757853430652,-0.6631384029437726,0.3682938584304119,0.3693452422524204,
original,1024,Extra Trees,1.0,-0.2447022970779651,0.2835241925790274,0.6408255654598376,0.5819069437210753,0.3035362158471227,0.4368114598275655,-0.1034447576445849,0.3663197440673776,0.4143983007976556,
original,1024,Gradient Boosting,0.9999853128545076,-0.1147978892321248,0.1443870692975299,0.7234376254410195,0.6392560265082855,0.3441549225893197,0.3667293876209563,-0.8447197400881081,0.4639513153054916,0.3918194610599896,
original,1024,Support Vector Regression,0.7151523331514752,0.4404989909852667,0.4773576865144261,0.4657128384072277,0.5063247577246286,0.5786819553418457,0.5208433701121775,0.1068093219463571,0.5839326414896298,0.5965211436821203,
original,1024,K-Nearest Neighbors,1.0,0.0878019500920188,0.3206122038321507,0.6079508954352048,0.6127226775535501,0.2706413521254007,0.4635079257821467,-0.0058411022876578,0.4330449995614172,0.4417078439794463,
original,1024,Decision Tree,1.0,-2.6427144695479337,-0.2181489934325427,1.1288667241302424,0.7476723800787033,-0.7272540983768752,-0.1078205789827015,-0.2019082947343362,-0.2913501718577114,0.2375881767889102,
original,1024,XGBoost,0.9999990894593236,-0.2001676201601032,0.2058764086674498,0.7063132656861988,0.6323993083939994,0.1517834304202659,0.2943947960078944,-0.2479520273907884,0.4134359501308138,0.4177198941690627,
original,1024,LightGBM,0.9371343237648349,-0.308827170535648,0.1278522311130855,0.7804885187298038,0.6929686750026529,0.2635012051923894,0.2563288289630979,-0.4195746820441022,0.2741936126884501,0.2648121907655915,
original,1024,CatBoost,0.9999993481239882,-0.0273372405477745,0.3697132184100303,0.5569468975668889,0.5538679435539102,0.3654500064643714,0.5172726053620724,-0.0262155984767371,0.4898369225975455,0.5022221561028983,
original,1024,Support Vector Regression+chem,0.7452503508623595,0.3867909351799493,0.4252808436780153,0.5193395343624697,0.5250097623149238,0.4954024191095886,0.4706100407220349,0.1160098747567185,0.5157245312566368,0.528657352545097,
original,1024,Random Forest+chem,0.908931127399262,-0.1413904710158219,0.1208431710431496,0.7677444715032553,0.6733335096969182,0.2485178276906344,0.3049948466381432,-0.6084958348348644,0.3169986493327773,0.3422003663890567,
original,1024,Ridge Regression+chem,0.5669203067091513,0.4446308709410044,0.1897115754829719,0.690254578546965,0.6778152143063761,0.2711497765741687,0.4520887847773996,-0.6158918284320214,0.4139382379018106,0.4272729065935019,
original,1024,TabNet,0.8244926557865314,-0.1004044305238732,0.4169439641470598,0.4979115538635474,0.5599851317604064,0.4624671866995151,0.5761484174779625,-0.1522789681819307,0.6214708558582344,0.5769123288815179,6200.0
original,1024,Multi-task MLP,0.605006282724438,0.5680107494476895,0.373835869098216,0.5624618501937262,0.5932785463930379,0.4276986135775468,0.3802691341808795,2.766455104341592e-05,0.5577297582107817,0.5034541749708283,5061.0
original,1024,KAN Model,0.7602618264057452,-4.8450634220808215,-7.496527952493719,8.26120911733669,1.5338279811605529,-15.914266304112438,-5.035070671105808,-0.0973638727167105,-8.454243520872113,-7.981695393661523,546.0
original,2025,Linear Regression,0.6575850417936713,-0.2835530824000258,-0.2092691892235667,0.4824890150365893,0.5943173097313194,-0.2783106905980053,-0.2138568296098548,-0.1885260943445976,-0.2029737333541341,-0.1626785982112411,
original,2025,Ridge Regression,0.6201304411053521,-0.0084183946493806,0.2020653895988222,0.3237523427641795,0.472674269124986,0.2054847109181882,0.2897710527457802,-0.076936140819261,0.2870303555058018,0.3049769696436025,
original,2025,Lasso Regression,0.5635485704668409,-0.1361651373623413,0.247394662392053,0.3063400884057777,0.4388053635041567,0.2501087604871022,0.3478510779026774,-0.0639122342111726,0.3380940452079887,0.3648316625736693,
original,2025,Elastic Net,0.6411548435251999,-0.1145647452276003,0.0918083981330693,0.3665764227682224,0.5186824195219071,0.064831107496402,0.1669327912620022,-0.112823224525929,0.1568150126428145,0.1832863037900575,
original,2025,Random Forest,0.9140767253145302,0.0640816682288047,0.1199298529178037,0.3652013280774983,0.476422854171886,0.2144328071121372,0.3608220687336109,-0.6368001230212648,0.3365478152871228,0.3246466964774132,
original,2025,Extra Trees,1.0,0.2236618963060408,0.1051770823789695,0.3679662267619265,0.4549648953119183,0.2123260454077288,0.2577990917895951,-0.5114389491576719,0.2984057702469799,0.2687934536082164,
original,2025,Gradient Boosting,0.9999798212936976,-0.0660971801018209,-0.1974547536780167,0.4974168066441254,0.5247094464439994,-0.0211438406553181,0.1299373794423191,-1.283578505094955,0.0679794272276997,0.1195317706901717,
original,2025,Support Vector Regression,0.7290567888612807,0.1638224648763654,0.3396882704322557,0.2725191033313086,0.3969262686254532,0.358977110346547,0.5257986444948723,-0.1199532941592032,0.4644141324517166,0.4692047590273457,
original,2025,K-Nearest Neighbors,1.0,0.2870323249435955,0.2629704670906713,0.3030877239368995,0.4111583051629097,0.4156633799138483,0.356655611354276,-0.2892851765971296,0.4128728958751487,0.418945624907213,
original,2025,Decision Tree,0.8050845623792096,-0.289951340488507,-0.0649569887882998,0.4291999078088286,0.4987088450236523,-0.6785322433187273,0.3800530770507335,0.1005018485035861,-0.4482054799099657,0.3213978537328745,
original,2025,XGBoost,0.9999685654945976,-0.1948170131523248,-0.1356155041694974,0.4709598610733999,0.4676564456210519,-0.1183634076557453,0.291954896776526,-1.0238998526526486,-0.0268344086113154,0.1990652512956974,
original,2025,LightGBM,0.9807711289479768,0.0382446727702333,-0.2432701419138386,0.5165331059300744,0.5519401531645427,-0.0141208354205579,0.0785587403814045,-1.40139099518417,0.080374657922124,0.0402277227320062,
original,2025,CatBoost,0.9931026037224232,0.0496300038805592,0.0774863334401881,0.3795494206425262,0.4773214778440159,0.1270213919523414,0.2888336425146551,-0.5250509180354446,0.2417560499519589,0.2548715008174304,
original,2025,Support Vector Regression+chem,0.7546860640081909,0.0350121964220985,0.3141876518547865,0.2831967406823157,0.3879275191506285,0.2698022821594379,0.5341284451406966,-0.1296180006136416,0.4462156312910067,0.4504099012964334,
original,2025,Random Forest+chem,0.9178543798727072,0.0641896962509216,0.0967479489291372,0.3761868116234713,0.4880250182487301,0.184061099367359,0.3507540309357874,-0.745792021821996,0.3446081646865351,0.3501084714780005,
original,2025,Ridge Regression+chem,0.6350632454390379,-0.0998512908012033,0.1905764628660544,0.327764741089673,0.4726386701042635,0.1566265895983,0.2844625537655283,-0.0363338381467637,0.2628298506684099,0.2852971584447982,
original,2025,TabNet,0.9155556921731168,0.4343848459167329,0.0809859929393416,0.3808317370465845,0.4772286150643289,0.2156614290435228,0.2852641975060054,-0.7112586662365139,0.3116271353118673,0.3036358690718268,6200.0
original,2025,Multi-task MLP,0.9361908595247196,0.3533016974404462,0.3517724251956788,0.2726495569306216,0.3978745574468972,0.483098903588931,0.5601444791875518,-0.4276657092411471,0.5651503586483186,0.5781340937947396,5061.0
original,2025,KAN Model,0.8525786868734807,-93.7765557791454,-163.58270103813885,76.73666619073414,2.054912348699182,-1.6191919256436562,-2.999186299935064,-808.0376992509381,-2.6777874030032685,-2.579640311174324,546.0
original,3407,Linear Regression,0.6747888036317142,-0.1845808446130433,-4.161743178780396,3.6571733528953496,1.2180635890159492,-6.152648606826778,-4.42916360432037,0.1119263475754637,-5.750624584151875,-4.58820544617842,
original,3407,Ridge Regression,0.6710107894955948,-0.0155773664349764,-2.540922017710181,2.682281299161885,1.095075861289707,-3.847784287357202,-2.6641432857870244,0.1170913328093055,-3.527976012772114,-2.7817978354438724,
original,3407,Lasso Regression,0.672095656977311,-0.0498858500052837,-3.066997430312265,2.9910764956488656,1.1316364220743336,-4.6381580372950975,-3.094333902076615,0.1278691625293306,-4.3599977733608855,-3.3703666013580555,
original,3407,Elastic Net,0.6726947100789471,-0.0618570433370218,-3.138433310137859,3.0348000253938268,1.1382552863205195,-4.741591200863539,-3.1729360485796647,0.1265799484730742,-4.446280652149415,-3.457938597569748,
original,3407,Random Forest,0.8985025870090533,0.3846559193817698,0.3442128957681681,0.8972760842173757,0.6188278122261318,0.2789091506793664,0.3746714971270608,0.2036708504465171,0.4154807237788348,0.4483322568090619,
original,3407,Extra Trees,0.9999958420639772,0.2842628487696726,0.3806825504736813,0.8004900625536958,0.5575058909289015,0.2978344022817275,0.3961105923724598,0.3219085072341159,0.4074198005673076,0.4801394499127959,
original,3407,Gradient Boosting,0.9972945015066268,0.2220492588455852,0.2916201951476228,0.7967690145706771,0.6056767502741442,0.1878025055794402,0.1253748400192735,0.411467171769356,0.342701442571016,0.3907550157990285,
original,3407,Support Vector Regression,0.761641358785334,0.4231524767074652,0.2897187895082741,1.0437895449858348,0.5788903005198559,0.3988114971827661,0.2974501052416235,0.0206766254870587,0.3486897530789182,0.3829659665510041,
original,3407,K-Nearest Neighbors,1.0,0.1586295740168441,0.1301910166266582,1.089442823923589,0.6608983723222267,0.090273981058796,0.1620943858088042,0.1010413364518989,0.1210960590514,0.1764493207623921,
original,3407,Decision Tree,0.7837857697247792,0.0734979007123216,-0.1351859994581907,1.2914541808292062,0.7949821638113972,0.0846511891194269,-0.2956056434757717,0.0253118389617812,-0.362434556608401,-0.1278528252879891,
original,3407,XGBoost,0.985231026715298,0.434860977618092,0.190161382146372,0.9535143983486624,0.631966364260831,0.1126450394648722,0.0578495759366859,0.2597725867431694,0.2792351924689115,0.241304516118221,
original,3407,LightGBM,0.984512768178366,0.3114209809047018,0.0048830696895539,1.0997619986278768,0.6915509039242601,-0.0918033658222508,-0.0731324075526353,0.2028561402595898,-0.0592364271257701,0.0457314086888361,
original,3407,CatBoost,0.999274540116692,0.3802498642480857,0.3418059482972199,0.8346681764265117,0.5789657521086651,0.2107846441067848,0.3783570573766373,0.3058794776903688,0.4092882009927507,0.4047203613195581,
original,3407,Support Vector Regression+chem,0.9128589994327112,0.4173891082525334,0.2454266289344229,0.932929264417548,0.5912207923490809,0.3899086111855807,0.0829413887371545,0.23539070061827,0.2236335304513673,0.295258913679742,
original,3407,Random Forest+chem,0.8894199458224226,0.3928892090438122,0.3478174525739537,0.90749455957247,0.6201948581943199,0.2774048286807991,0.3505500668037574,0.1843013239483806,0.4448386952072167,0.4819923482296149,
original,3407,Ridge Regression+chem,0.6843359890693954,-0.0574582525801072,-2.4159572004444847,2.6180432434553174,1.0836829254342493,-3.707096282608034,-2.5009263818153658,0.1010076060009542,-3.352053431454308,-2.620717512345672,
original,3407,TabNet,0.7897669765435376,0.2020965845697129,0.0767475001142841,1.007757271989301,0.7185064217164895,-0.0119052139768589,0.0908000964558186,0.2807462659711326,0.0183867873044542,0.0057095648168742,6200.0
original,3407,Multi-task MLP,0.6947173549115584,0.3781996780483955,0.0216399711485087,1.1397950634642628,0.7064763215814025,0.2017566310396835,-0.2174146588609486,0.1191097337776504,0.0193848441389034,-0.0146366943527447,5061.0
original,3407,KAN Model,0.6793783685101416,0.6063896373551789,0.1205082328041245,1.2212200058219902,0.6724037981800207,-0.2536702321775443,0.27753338703981,-0.0900453240936689,0.3199008068452298,0.348822526406796,546.0
original,5555,Linear Regression,0.4875348594457288,0.4300799832793265,0.4926702229048327,0.547202592804634,0.6373694014984704,0.5640227582741522,0.6438324567532527,-0.0174404544922057,0.6316198343009036,0.6413165196880612,
original,5555,Ridge Regression,0.461561742142711,0.4548828828124649,0.4649701957562735,0.5941444514931454,0.6717200281478691,0.4980175136114568,0.6011766643841294,0.0488929150813395,0.5803598992977523,0.5964039864066897,
original,5555,Lasso Regression,0.4138019108758562,0.3273002991351098,0.4361212016898312,0.6305089133863147,0.6560388448817553,0.4328280201932207,0.5858985660943601,0.0393539021537097,0.5511533584855364,0.5713721615223296,
original,5555,Elastic Net,0.4310869438386414,0.3516562749552597,0.4476586875393078,0.6163356695819835,0.6570430750870233,0.4557692404012071,0.5935435420336896,0.0467689627827792,0.5595346031937636,0.5826770892851,
original,5555,Random Forest,0.8591911317702907,0.3726889271228226,0.4675316014385721,0.5722563539396022,0.586067079511267,0.5464009131050793,0.6252678562225445,-0.0824756381535101,0.6303486880093563,0.6181161880093915,
original,5555,Extra Trees,0.92978577461015,0.583087865711899,0.5675119671184733,0.4912710496130703,0.5048054410396993,0.581996431576405,0.6462580292064162,0.30312372710922,0.6510402165186018,0.6551414311817239,
original,5555,Gradient Boosting,0.9243299098674986,0.5668774244277031,0.5112063999054168,0.5574926671860667,0.5402685268882877,0.3737872116048174,0.6524684383930222,0.286277734538381,0.6413214515586925,0.6021771634321713,
original,5555,Support Vector Regression,0.6051549988754967,0.4023972972573316,0.5540201530102518,0.5004760380621232,0.5651384328398452,0.6347130158744941,0.6333874120951092,0.218493266373994,0.6432861768073114,0.64022089390035,
original,5555,K-Nearest Neighbors,1.0,0.5823428774907005,0.4957256118182866,0.5552197892457833,0.5474424982053381,0.5638748526461146,0.6245096248360185,0.0598617886637228,0.6117361716919703,0.6186456212536076,
original,5555,Decision Tree,0.6201027448270736,0.0885877915671711,0.1986450874294044,0.923803721134411,0.7153563553600758,0.2453459064043004,0.2968306386219037,-0.2161252260695723,0.342296010916274,0.3248781072741168,
original,5555,XGBoost,0.9973186471369854,0.3799434943244311,0.2923612780540057,0.7028423236038632,0.5976363380144654,0.3782155603886407,0.6350451542983784,-0.7877447231945951,0.6158989795555063,0.6203914192220983,
original,5555,LightGBM,0.9114186388936047,0.1967534520261754,0.4595616412469868,0.5772247457501952,0.5644611903211176,0.540312409493531,0.6595319461380194,-0.1189967557089253,0.6137213158240209,0.6032392904882884,
original,5555,CatBoost,0.8875661257198969,0.4396538696634673,0.4418034323493252,0.6482695043211446,0.6056090522265685,0.4586098431517079,0.5302823912663567,0.1903472421886988,0.5023503167887557,0.527427368351107,
original,5555,Support Vector Regression+chem,0.6398455780677501,0.3688300879393619,0.5247109038432256,0.5498889722601606,0.5889337304976416,0.5796734296321282,0.5865498023891756,0.2815408763317012,0.5865237087557709,0.5892667021073525,
original,5555,Random Forest+chem,0.8627704091371264,0.4171616358406226,0.4581925815743676,0.5837299750626486,0.5956175657266822,0.5305919517350906,0.6303275190503137,-0.0887242108897616,0.6185437984399071,0.6002238495362889,
original,5555,Ridge Regression+chem,0.4658825436794417,0.4952344679066149,0.4554752664325922,0.6018281088838217,0.6677022600751201,0.4923606746891418,0.5978717425020668,0.0129763668253019,0.5783059173764047,0.5958616307700462,
original,5555,TabNet,0.8373683881121797,0.4938078095269711,0.2157115881612995,0.8427094966707742,0.7487856031716432,0.2983946026910585,0.485644690802733,-0.5808081329649764,0.4478391072676335,0.4274876730100492,6200.0
original,5555,Multi-task MLP,0.7381126185330752,0.6642276213440298,0.5653440033997827,0.4786002179232401,0.5252298494639198,0.654843789029433,0.6440834540596792,0.1764329315058684,0.6746573495293442,0.6767024928745888,5061.0
original,5555,KAN Model,0.8333368430253791,-2.107319290176456,-3.7387882242568304,3.803823723856195,1.1293334006135125,-0.44720233062289,-0.0841715757818837,-17.587262702508045,-0.2987725036249111,-0.2765320087464167,546.0
original,7777,Linear Regression,0.5285009677507141,-0.3832212272691233,0.2542396742773172,0.8531310994494788,0.765046855118998,0.3124893693056731,0.5818884810593041,-0.6955211155879721,0.5285888620280201,0.5437527745815611,
original,7777,Ridge Regression,0.4791716188790899,0.0347118416409015,0.3656865471343818,0.8018261887257413,0.6798493170787838,0.4287808718322364,0.5031728852570105,-0.1699567043777274,0.5066446175257002,0.5597910654346899,
original,7777,Lasso Regression,0.416041443902888,0.2118839352679378,0.3298952522774868,0.8940953521298957,0.6987078581723247,0.2959153789536138,0.4569098601341111,-0.0189124515759848,0.4183885509963371,0.4971749228793576,
original,7777,Elastic Net,0.4442522847123221,0.1679519980925546,0.3531684245552644,0.8477201104686062,0.6866637508064443,0.3412701684107374,0.4882786459078154,-0.0494018612623079,0.4562871455931697,0.5294080241269077,
original,7777,Random Forest,0.874754424088079,-0.0054845052422668,0.3186524612819769,0.9331877943936002,0.6504456899578582,0.3485682064022376,0.3641797272477791,0.0254597218079147,0.4076064475200742,0.4474482034318791,
original,7777,Extra Trees,0.9595697318401314,0.1901088383984971,0.3545475438598687,0.8550241763742124,0.6622566738705381,0.456474669193584,0.4105820473009103,-0.0600249176858649,0.4681393976723931,0.4975665228183221,
original,7777,Gradient Boosting,0.9999999934114112,-0.4130620668056137,0.3420226246824122,0.8932265913392895,0.6452327557744992,0.3795431813260517,0.3902936270640355,0.026210718211803,0.4536090291632958,0.4604565676468755,
original,7777,Support Vector Regression,0.6373244166090577,0.2744044962598493,0.4038429510593588,0.8570264570069005,0.6095881100571143,0.4300820426467739,0.3782947913123043,0.2960019653420833,0.4222371308006873,0.4925988251949458,
original,7777,K-Nearest Neighbors,0.4223939375103905,0.0165872719107807,0.3322512947892116,0.9416033560433764,0.6874843678236179,0.3323271107002016,0.3717577958741151,0.1635204622138791,0.3718429373399819,0.4218081678178811,
original,7777,Decision Tree,0.6400791794846902,-0.2053406678838619,0.3018877445684259,0.8331391392929033,0.6615515537690654,0.4363803310370817,0.4385175851743679,-0.5053730416804074,0.6351834959148586,0.5047303523962297,
original,7777,XGBoost,0.9897558994300496,-0.3711013168330797,0.2894372792472658,0.9846287641771532,0.6490012643346652,0.2850051072558248,0.3558916391687807,0.0455906152641566,0.3528496205826189,0.4078494139649482,
original,7777,LightGBM,0.9851008513531097,-0.2483294304682792,0.2688553060935392,0.8217682917509703,0.6790241842692544,0.3817334358274841,0.5898502311021725,-0.7363370766216522,0.5689555892355799,0.5400743509241126,
original,7777,CatBoost,0.919350040115809,0.1360034783478996,0.3495864471334388,0.9000531272388379,0.663982367423853,0.2727931886100317,0.4529507877055464,0.1515477353911206,0.3960719043583366,0.4745686196021595,
original,7777,Support Vector Regression+chem,0.6561769389261846,0.2467712791887271,0.3696315783758904,0.9131565392205204,0.6316413172071618,0.3804907920279378,0.353796675068933,0.2927125288791473,0.3778503591825403,0.4433075367208944,
original,7777,Random Forest+chem,0.8751997385431786,-0.0079402326189512,0.3294414303860631,0.9112812699026944,0.6402478214712368,0.3550903408283294,0.3888990084078086,0.0164322487457362,0.4249062862560396,0.461879267692402,
original,7777,Ridge Regression+chem,0.4934826734885673,-0.0623228729867847,0.3467786134428207,0.8403157257293394,0.6973198460067455,0.3936263255402163,0.4772433395377752,-0.1421408831223911,0.4761468164745275,0.5290174687839759,
original,7777,TabNet,0.0543685698986758,-0.0750394631307155,-0.5795807832259987,1.970656991103781,1.0809853461494838,-0.4107306370276395,-0.0636794516903709,-1.97227489261142,-0.246763412301771,-0.2044555224987905,6200.0
original,7777,Multi-task MLP,0.4666614442860458,0.1048381847880859,0.2350994908591107,1.0853006570744774,0.7273807618651943,0.2090744583609446,0.254027844841054,0.0695407071288279,0.2931017936706122,0.3497526502941157,5061.0
original,7777,KAN Model,0.8105006499257744,-1.565326280556614,-0.9898669188023757,2.888937957456158,1.329086483708559,-1.2879662992261325,-0.6954434299953203,-1.004751250777184,-0.9395730798827492,-1.0216005341304908,546.0
original,9999,Linear Regression,0.6609351175765805,-0.3178648606324424,0.4569822476523431,1.4408957725545903,0.6878521006927323,0.5722803554073195,0.5310261712468038,-0.0510385292366402,0.6022047274113489,0.6304385134328834,
original,9999,Ridge Regression,0.6143498070911241,-0.0378576241580438,0.4575353800472428,1.515219326864137,0.6888840392784205,0.5837029242951759,0.5759385529635825,-0.1348476560730389,0.625604571101241,0.6372785079492534,
original,9999,Lasso Regression,0.5817165005802976,-0.2706755525906874,0.4474818382167418,1.5394703877005127,0.6970121558631178,0.5843509248640935,0.5656024319072896,-0.1513123894952073,0.6050829660589568,0.6336852577485766,
original,9999,Elastic Net,0.6020310255807864,-0.2417468024848502,0.4555231258306144,1.517089202401973,0.6911215143591584,0.5906264006503399,0.5624570026003639,-0.1344986353269517,0.6167354335987099,0.6422954276306096,
original,9999,Random Forest,0.9143738220531976,-0.3387257681889942,0.3816662434464234,1.5921308591693646,0.7019230997563913,0.4483849654853282,0.4871915281975745,-0.1455299586032807,0.5299982829885974,0.5882863991638978,
original,9999,Extra Trees,0.9999796440350138,-0.4087033034917032,0.5108156537832472,1.4131013769148986,0.6226598452804101,0.6478128838453425,0.6018174412766106,-0.0753547016391391,0.6541109017028404,0.7256917437305814,
original,9999,Gradient Boosting,0.9979432679513764,-0.078906018087654,0.2482240587902205,1.6818107274081533,0.8238672407323137,0.1780563199959037,0.4134927908936134,-0.1139434779068166,0.365056140341655,0.3984585206267467,
original,9999,Support Vector Regression,0.7274081615884962,0.0443918008025162,0.4127642974920382,1.524752841763925,0.7055651988305747,0.5347419954656231,0.516749777295047,-0.0987264893854871,0.5646424599374738,0.5464137441475347,
original,9999,K-Nearest Neighbors,1.0,0.0488219638001716,0.5291730098087001,1.424091209324153,0.6240432520090557,0.7066976962592447,0.6406984024785289,-0.104181324568424,0.710850483263621,0.6917997916105296,
original,9999,Decision Tree,0.6632408296478113,-0.5790729480893516,-0.1278042212141999,2.1387016923893434,0.9504803377032488,-0.2161783386523925,-0.1350069868983792,-0.2369836783207692,-0.0874156565564918,0.0365635543570327,
original,9999,XGBoost,0.9995073664289008,-0.429276914560026,0.1220939336938088,1.7657377451145853,0.828903840590866,-0.0701493857050048,0.2549714411790272,-0.0816529071360778,0.2845474132790785,0.2227531068520203,
original,9999,LightGBM,0.9422914779101366,-0.3584172599765239,0.2138341562777114,1.6389747883064132,0.7807839636904261,0.1123586705266247,0.3305320232755591,-0.0312456994738803,0.3040135340150468,0.353512253045207,
original,9999,CatBoost,0.9935829122963084,-0.008430159233631,0.3262601799662296,1.606306782148454,0.7370919725837346,0.2489566802039639,0.490492381603457,-0.1107013198197082,0.4826026510261703,0.5199505068172647,
original,9999,Support Vector Regression+chem,0.7518691601559808,0.0296634477379453,0.4360669941378489,1.49573881764947,0.6813824333693377,0.56272776052779,0.5388053864101154,-0.0900751599418301,0.5966784438184287,0.5721985398747406,
original,9999,Random Forest+chem,0.9126018536037392,-0.3566258137773231,0.3408605038959273,1.6328161454777717,0.7254599593655414,0.4020253878146342,0.4279074034999981,-0.1489232650870977,0.4836993321227244,0.5395936611293775,
original,9999,Ridge Regression+chem,0.6208176773634212,-0.0318550581622967,0.4521779793252804,1.507249647960218,0.6921908584292212,0.5656351285955015,0.5708482219060702,-0.1209019220893303,0.6165434057682325,0.6287650624459284,
original,9999,TabNet,0.2707068384201888,0.3025751203194554,-0.1120030825430697,2.218737299259641,0.9195367167759476,-0.1476459285640505,0.3193099830188296,-0.3434364003124521,-0.2620495343166531,-0.1261935325410217,6200.0
original,9999,Multi-task MLP,0.876730367971744,0.094580251227622,0.4418631223113617,1.4522944091032208,0.6805553359801572,0.5910454512782496,0.5190166982615139,-0.0461423344053955,0.5772496299997938,0.5681461664226464,5061.0
original,9999,KAN Model,0.7069916285893226,-0.1316556045098069,-0.2112412111954419,2.255938360091517,0.8991176967195755,0.0596451705587247,-0.4923934222408921,-0.2611732380367189,-0.129261164967015,-0.2330234012913083,364.0
original,42,Explainable Model,0.36546560955562307,0.3414419365757156,0.04923677851334955,0.5628069020264252,0.6028591948196423,0.013317415042882308,0.1282945585357852,0.030482816058618467,0.06871106631255774,0.005378036616904058,177466.0
original,123,Explainable Model,0.6159676261855107,0.4011464033545705,0.10234711207206118,0.5541146242555317,0.5421127628353294,0.03769742386379549,0.1379773707860089,0.06642269531702127,0.05784557654149203,0.21179249385198762,177466.0
original,456,Explainable Model,0.6234145717471483,0.30365322526161875,0.5057982550329709,0.46684844652168156,0.5345505948209421,0.5797260697305464,0.6107523539008172,0.16937346737052728,0.6002961396835692,0.5688432444793949,177466.0
original,789,Explainable Model,0.9542538960633167,0.4870550761413922,0.3849068785343779,0.7999233824789139,0.4759994972279449,0.4914602440344512,0.39769684625641044,0.04351843630933416,0.4810943278133447,0.5107645382583486,177466.0
original,1024,Explainable Model,0.7189195520598461,0.1590482256001641,0.2507466715696788,0.6602968268973657,0.6670120198029423,0.31992590945745447,0.4000213427486743,-0.288289065623061,0.411095527680608,0.4109796435847175,177466.0
original,2025,Explainable Model,0.9657053113959172,0.3040583403571595,0.3346894798896181,0.276037018099096,0.40496765521571787,0.42016626452658334,0.5202538902237919,-0.2406534780953944,0.5108366338018393,0.4628440889912706,177466.0
original,3407,Explainable Model,0.785587571056974,0.2627892174310089,0.019549936902084862,1.1389826086609078,0.6850776925388024,0.0894412365036561,-0.08447185923191736,0.1249088238485414,0.02529309143240721,-0.05742160804226293,177466.0
original,5555,Explainable Model,0.6322726353862435,0.7059111701847064,0.5001836291291438,0.5514732652803771,0.5792464077635044,0.5297181821075136,0.6246075920452202,0.0891739461124863,0.6266657237312149,0.6307527016492843,177466.0
original,7777,Explainable Model,0.4381278845311753,0.20753796721927448,0.3118315379180655,0.9279789064484578,0.7308963317656906,0.3224516560887092,0.3169734944205721,-0.05441763940166777,0.43251337463713124,0.541636803845583,177466.0
original,9999,Explainable Model,0.8995370917985218,0.19289172971573176,0.4485796312805602,1.3951436938763992,0.6618476568104411,0.6129299613124506,0.4783070010165088,0.012214065843168642,0.5766347799279601,0.5628123483027132,177466.0
