Dataset,Seed,Lambda,Train R2,Val R2,Test R2,Test MSE,Test MAE,Test R2 DCAA (ug/L),Test R2 TCAA (ug/L),Test R2 BCAA (ug/L),Test R2 HAA5 (ug/L),Test R2 HAA9 (ug/L),Params,viol_haa5,viol_haa9,viol_nonneg,Test R2 DCAA,Test R2 TCAA,Test R2 HAA5,Test R2 TTHM
original,42,0.0,0.3676821784909457,0.33863718130223575,0.04892836901079276,0.5625548416368064,0.6018932512596381,0.00974444029877608,0.10316295748449333,0.029768889731016213,0.08791139045630991,0.014054167083367708,177466,0.20000000298023224,0.0,0.0,,,,
original,42,0.01,0.36786073147348886,0.34347540362548673,0.05195936963000767,0.5610852404730756,0.6004833605148029,0.01307823336028513,0.11059811255866858,0.030780712354940176,0.08860234661630517,0.016737443259838614,177466,0.15000000596046448,0.0,0.0,,,,
original,42,0.05,0.3672963676880868,0.34077603926777195,0.046829776978997525,0.563252730721591,0.6021477467201782,0.013785238063067307,0.10824095528394173,0.031188755731835105,0.07281487974861278,0.008119056067530273,177466,0.10000000149011612,0.0,0.0,,,,
original,42,0.1,0.36546560955562307,0.3414419365757156,0.04923677851334955,0.5628069020264252,0.6028591948196423,0.013317415042882308,0.1282945585357852,0.030482816058618467,0.06871106631255774,0.005378036616904058,177466,0.05000000074505806,0.0,0.0,,,,
original,42,0.5,0.3657382771402648,0.3332177193508886,0.03738032833175105,0.568247722931722,0.6055454035298824,0.024716906975797426,0.1755005166781649,0.037385431050285134,0.017458551768924302,-0.06815976481441699,177466,0.0,0.0,0.0,,,,
original,42,1.0,0.9342947556241098,0.4384072206415969,0.21447951253133857,0.5098374414851309,0.4488835768569942,0.31005057955845217,0.3224558144969778,-0.2997919717269528,0.3856424252690026,0.35404071505921253,177466,0.0,0.0,0.0,,,,
original,123,0.0,0.6046441023430728,0.40918932277714487,0.043083001785566274,0.5897400915368685,0.5497856219009636,-0.09375160614372846,0.07530401332774961,0.06778706488419639,0.027127454856476607,0.13894808200313724,177466,0.0,0.8999999761581421,0.0,,,,
original,123,0.01,0.6034044892787772,0.40673411912440416,0.047616277494958205,0.586870861800819,0.5483640652419208,-0.09113488812174353,0.08150366624071093,0.06789710503253066,0.02994413087713854,0.1498713734461543,177466,0.0,0.8999999761581421,0.0,,,,
original,123,0.05,0.6226574763334111,0.40192173860156266,0.08414218447689832,0.564927745433048,0.5461312047501896,-0.011550936161965675,0.1158459124659863,0.060912416884409404,0.05209687307469091,0.2034066561213702,177466,0.0,0.8500000238418579,0.0,,,,
original,123,0.1,0.6159676261855107,0.4011464033545705,0.10234711207206118,0.5541146242555317,0.5421127628353294,0.03769742386379549,0.1379773707860089,0.06642269531702127,0.05784557654149203,0.21179249385198762,177466,0.0,0.800000011920929,0.0,,,,
original,123,0.5,0.6881916321259988,0.3297800140456667,0.1749085100222128,0.5113911229528267,0.5614579000061579,0.24239340952416044,0.3310900902446936,-0.07398096778130747,0.12817044090604013,0.24686957721747727,177466,0.15000000596046448,0.25,0.0,,,,
original,123,1.0,0.5932582278982755,0.31786999687548373,0.20024297124484333,0.4970429332206394,0.5466585798063524,0.2747756551031112,0.22961617075859364,-0.005623236465823078,0.23747021597415052,0.2649760508541844,177466,0.0,0.0,0.0,,,,
original,456,0.0,0.6133745352162954,0.3025771506380407,0.5049284324255255,0.4699316047538461,0.5290198805458016,0.5695491969102531,0.5990134719325171,0.14846770304257784,0.5861384805321117,0.6214733097101683,177466,0.05000000074505806,0.8999999761581421,0.0,,,,
original,456,0.01,0.6111214117559354,0.3061129593261058,0.5002532323500584,0.47344509496697007,0.5310278003937668,0.5610057404665407,0.5957337520544415,0.14807124216913203,0.5813606993828389,0.6150947276773389,177466,0.05000000074505806,0.800000011920929,0.0,,,,
original,456,0.05,0.6341795645820996,0.30337747347671495,0.5173697443877842,0.45814313638887344,0.5269135582646484,0.5938496078052047,0.607599154618357,0.1701369618552716,0.6265764678573755,0.5886865298027119,177466,0.30000001192092896,0.30000001192092896,0.0,,,,
original,456,0.1,0.6234145717471483,0.30365322526161875,0.5057982550329709,0.46684844652168156,0.5345505948209421,0.5797260697305464,0.6107523539008172,0.16937346737052728,0.6002961396835692,0.5688432444793949,177466,0.10000000149011612,0.20000000298023224,0.0,,,,
original,456,0.5,0.5685954743512077,0.2639752057773504,0.4403063042185478,0.5172077044188536,0.5621023565364472,0.522776167642053,0.5772448036061623,0.15097599016116114,0.487772195772039,0.46276236391132275,177466,0.10000000149011612,0.05000000074505806,0.0,,,,
original,456,1.0,0.49705719001529136,0.21763318780074908,0.3711487081589754,0.5698772856023313,0.6042695483368747,0.45271687267306715,0.5161311989760814,0.1326496568581994,0.3551879960511354,0.3990578162363938,177466,0.0,0.30000001192092896,0.0,,,,
original,789,0.0,0.9061828770326967,0.5163360092851118,0.35660135466406395,0.8189767567514818,0.49803458550391627,0.4417465870206898,0.3773422093260119,0.03986158661832884,0.43941950282920705,0.4846368875260817,177466,0.25,0.05000000074505806,0.0,,,,
original,789,0.01,0.906089827449945,0.5213465369457344,0.3543219002182866,0.8212292061918751,0.5002835805845065,0.4431977140124168,0.37519820087621225,0.03789674773254792,0.43267593321903175,0.4826409052512246,177466,0.15000000596046448,0.0,0.0,,,,
original,789,0.05,0.95493185027766,0.48398647111308063,0.3838073965990387,0.7978430605405652,0.47733211036999046,0.48834576533264695,0.3956170960850809,0.049694631492555374,0.4746529330051291,0.510726557079781,177466,0.0,0.0,0.0,,,,
original,789,0.1,0.9542538960633167,0.4870550761413922,0.3849068785343779,0.7999233824789139,0.4759994972279449,0.4914602440344512,0.39769684625641044,0.04351843630933416,0.4810943278133447,0.5107645382583486,177466,0.0,0.0,0.0,,,,
original,789,0.5,0.8680572574170885,0.39927900433899877,0.3653927284336941,0.798868009817814,0.49851954106536744,0.46285872751166524,0.37892140696538246,0.07362094674972686,0.45526053640157294,0.4563020245401228,177466,0.0,0.0,0.0,,,,
original,789,1.0,0.9470599700167339,0.5181220119607833,0.4039938182847459,0.7936794424367559,0.47697862450953765,0.520380827355814,0.4217014710978868,0.031264630344821076,0.5166903781056125,0.5299317845195952,177466,0.0,0.0,0.0,,,,
original,1024,0.0,0.7196509896272085,0.16815963647362459,0.2344439330818319,0.6749052955693717,0.6698403011291617,0.2882707910755514,0.386406487197254,-0.30469801197613133,0.4088830092392073,0.3933573898732775,177466,0.25,0.05000000074505806,0.05000000074505806,,,,
original,1024,0.01,0.7195005887717401,0.16472363712209465,0.2355227903582866,0.6722576073061066,0.6706948463275427,0.2998650402777647,0.39362700300802866,-0.3245980311038952,0.4106169973814726,0.398102942228062,177466,0.25,0.05000000074505806,0.05000000074505806,,,,
original,1024,0.05,0.7230676665755811,0.17539956547825641,0.23726444897397198,0.672194941453464,0.6679522596142584,0.3010923289563623,0.3926618039784675,-0.3065799602738868,0.4015132613924387,0.3976348108164778,177466,0.0,0.15000000596046448,0.05000000074505806,,,,
original,1024,0.1,0.7189195520598461,0.1590482256001641,0.2507466715696788,0.6602968268973657,0.6670120198029423,0.31992590945745447,0.4000213427486743,-0.288289065623061,0.411095527680608,0.4109796435847175,177466,0.0,0.20000000298023224,0.05000000074505806,,,,
original,1024,0.5,0.6937131071613936,0.1778719764181989,0.27040149167281113,0.6358276497687314,0.6784273933953724,0.37310460377457977,0.4146942709144177,-0.34975476784301396,0.45983419729155894,0.454129154226513,177466,0.0,0.15000000596046448,0.05000000074505806,,,,
original,1024,1.0,0.6773962391661581,0.20235304171691,0.26557176347600475,0.6382728034692804,0.676457843075654,0.3823912549730293,0.4179163893200175,-0.38267904303875167,0.46619254531234633,0.44403767081338186,177466,0.0,0.0,0.05000000074505806,,,,
original,2025,0.0,0.9899769430033409,0.3237122916295587,0.3591999160804459,0.2640348798707137,0.3863453384875922,0.4172997313265536,0.4805535827976136,-0.09811462996289255,0.4974434564786526,0.49881743976230253,177466,0.20000000298023224,0.15000000596046448,0.0,,,,
original,2025,0.01,0.9895399790886389,0.3548616777421474,0.36166241439484864,0.2630191678688415,0.3870265200824952,0.4310258044527935,0.481692093961255,-0.09994292717354591,0.5039748905573507,0.49156221017639024,177466,0.3499999940395355,0.10000000149011612,0.0,,,,
original,2025,0.05,0.9900277255804703,0.31133503715981814,0.37193156349109696,0.258716253994112,0.3802808667375118,0.4483857852181453,0.4867266774199088,-0.0837556330725413,0.51026840222987,0.4980325856601019,177466,0.0,0.0,0.0,,,,
original,2025,0.1,0.9657053113959172,0.3040583403571595,0.3346894798896181,0.276037018099096,0.40496765521571787,0.42016626452658334,0.5202538902237919,-0.2406534780953944,0.5108366338018393,0.4628440889912706,177466,0.0,0.0,0.0,,,,
original,2025,0.5,0.7936032260795693,0.28815049182683156,0.284503749749041,0.295648070084797,0.43814800120709974,0.40970550943513695,0.5046638224404283,-0.28540671720568733,0.4167632609169972,0.37679287315833054,177466,0.0,0.0,0.0,,,,
original,2025,1.0,0.9653113584124388,0.33947634935657617,0.4072100804771739,0.24551451333798555,0.38315454820824296,0.5066274667225568,0.5726999788386402,-0.09513429144834373,0.553431841280617,0.49842540699239934,177466,0.0,0.0,0.0,,,,
original,3407,0.0,0.7903474401823454,0.2628786464906227,0.022653233785627468,1.138802793714707,0.6769637570583515,0.12304704063262828,-0.10207672556912462,0.12148195611712032,0.008271194763382561,-0.03745729701586864,177466,0.10000000149011612,0.05000000074505806,0.0,,,,
original,3407,0.01,0.791911584948615,0.26950491596769865,0.025448743814956855,1.135127465507753,0.6750314255484635,0.11945766323014251,-0.10055621234458956,0.12472670181153556,0.009250948116135582,-0.025635381738440044,177466,0.10000000149011612,0.05000000074505806,0.0,,,,
original,3407,0.05,0.7894293391353238,0.2658623231460679,0.01916503473250166,1.1399402136561214,0.6793894074384146,0.09317373743502666,-0.08833469435035979,0.12350305069851886,0.00619236063708084,-0.03870928075775826,177466,0.05000000074505806,0.05000000074505806,0.0,,,,
original,3407,0.1,0.785587571056974,0.2627892174310089,0.019549936902084862,1.1389826086609078,0.6850776925388024,0.0894412365036561,-0.08447185923191736,0.1249088238485414,0.02529309143240721,-0.05742160804226293,177466,0.0,0.05000000074505806,0.0,,,,
original,3407,0.5,0.6599401646005167,0.27544942340014256,0.19221781574148472,1.0637959560757408,0.6650506351937022,0.29957006977371115,0.11312144578170447,0.08033893983778972,0.21309786802608988,0.25496075528812867,177466,0.10000000149011612,0.0,0.0,,,,
original,3407,1.0,0.694863601321856,0.2821226495122709,0.1259703779135493,1.089548065207618,0.6746480159785655,0.23740308740715432,0.1408749535749786,0.10193917412712039,0.07193109082165405,0.07770358363683971,177466,0.10000000149011612,0.0,0.0,,,,
original,5555,0.0,0.6328962468152982,0.6952201893256955,0.5020043626148057,0.5492085634487388,0.5770419335686162,0.5314152445249434,0.6384132917750458,0.09166424222411274,0.6334624227765666,0.6150666117733605,177466,0.0,0.4000000059604645,0.0,,,,
original,5555,0.01,0.6320534866099334,0.7001950109651076,0.4999778666347211,0.5521710886103335,0.578661686285122,0.5289697099343935,0.6308184839047284,0.09236739312211761,0.6308719514952049,0.6168617947171615,177466,0.0,0.30000001192092896,0.05000000074505806,,,,
original,5555,0.05,0.6330385265860972,0.7039767360915186,0.5009801729129527,0.5501392616042032,0.5778189696808503,0.529336471767416,0.6301830152365115,0.0884885158014227,0.6275536696920165,0.6293391920673967,177466,0.10000000149011612,0.0,0.05000000074505806,,,,
original,5555,0.1,0.6322726353862435,0.7059111701847064,0.5001836291291438,0.5514732652803771,0.5792464077635044,0.5297181821075136,0.6246075920452202,0.0891739461124863,0.6266657237312149,0.6307527016492843,177466,0.0,0.0,0.05000000074505806,,,,
original,5555,0.5,0.6552624662223865,0.6952159885032554,0.5221467071442104,0.5299629175272998,0.5643008986510003,0.5427609272318975,0.6276019626771667,0.14833732033605007,0.637108772880619,0.6549245525953189,177466,0.0,0.0,0.05000000074505806,,,,
original,5555,1.0,0.6649836309105859,0.6933898175295045,0.5212691116750944,0.5362427571886198,0.5707896496051589,0.5116123858886852,0.5997128938097048,0.18955639695312843,0.6491397498576326,0.6563241318663214,177466,0.0,0.0,0.05000000074505806,,,,
original,7777,0.0,0.4378817642082621,0.20874467081594075,0.3169460967710113,0.921707151465724,0.7314074190738127,0.3303628990070555,0.32025341716003497,-0.04435552261120668,0.4440591126081457,0.5344105776910275,177466,0.15000000596046448,0.20000000298023224,0.0,,,,
original,7777,0.01,0.43797877486175063,0.20841600177455608,0.3164046271609632,0.9223078962856024,0.7310232308166549,0.3298162118090827,0.320128358710142,-0.04585414978345281,0.44128628273123793,0.5366464323378063,177466,0.15000000596046448,0.20000000298023224,0.0,,,,
original,7777,0.05,0.438072605769346,0.20834233155383225,0.3146643846909954,0.9241688402891569,0.7297558438707088,0.32737073165458974,0.31923428159969025,-0.050552316580178,0.4364533155354732,0.5408159112454017,177466,0.15000000596046448,0.05000000074505806,0.0,,,,
original,7777,0.1,0.4381278845311753,0.20753796721927448,0.3118315379180655,0.9279789064484578,0.7308963317656906,0.3224516560887092,0.3169734944205721,-0.05441763940166777,0.43251337463713124,0.541636803845583,177466,0.15000000596046448,0.0,0.0,,,,
original,7777,0.5,0.45988218631031097,0.1983020342252153,0.3281142257378778,0.8945480872093692,0.7278528652117175,0.3447338048054911,0.3456397681496607,-0.07471943916133328,0.4666227351368586,0.5582942597587122,177466,0.05000000074505806,0.0,0.0,,,,
original,7777,1.0,0.45496823616376175,0.19995157996151147,0.3249698528570795,0.899540936391244,0.7302643232846159,0.3377302032893287,0.3383809272359839,-0.07603510986049011,0.47080836760230405,0.5539648760182717,177466,0.0,0.0,0.0,,,,
original,9999,0.0,0.9058576141533518,0.2091366525914749,0.44385341756652874,1.39145567752451,0.6582930982074862,0.6114144801005681,0.4655271263441705,0.021407708950597404,0.5629643564686637,0.5579534159686441,177466,0.05000000074505806,0.0,0.0,,,,
original,9999,0.01,0.9053668616224234,0.18909119126885296,0.44663915743695026,1.3894287981686344,0.6571289813294238,0.6121493595684951,0.4719573221429795,0.020664734589912692,0.5665928848595365,0.5618314860238276,177466,0.05000000074505806,0.0,0.0,,,,
original,9999,0.05,0.9058905772073802,0.20064475078278968,0.4500839744587405,1.3833692399329867,0.6553005767895016,0.616160403110866,0.4753758136078726,0.023976035496211412,0.5727167551293865,0.5621908649493659,177466,0.0,0.05000000074505806,0.0,,,,
original,9999,0.1,0.8995370917985218,0.19289172971573176,0.4485796312805602,1.3951436938763992,0.6618476568104411,0.6129299613124506,0.4783070010165088,0.012214065843168642,0.5766347799279601,0.5628123483027132,177466,0.0,0.0,0.0,,,,
original,9999,0.5,0.8266891826763253,0.15621029362157343,0.4051457469708426,1.4870108461248894,0.7016164423084171,0.55455260521622,0.44608686123641517,-0.04712673056927552,0.5199528948447016,0.5522631041261515,177466,0.10000000149011612,0.0,0.0,,,,
original,9999,1.0,0.8855010050676737,0.18378552757932481,0.4645825952191805,1.351656228230676,0.6616450347694289,0.6298959547037347,0.4761492746974848,0.044626543528182294,0.5931225274087909,0.5791186757577094,177466,0.0,0.0,0.0,,,,
ontario,42,0.0,0.8867051183892865,0.5272159114207781,0.6864480908937842,0.2681805346633399,0.36098130899708114,,,,,,134985,0.1320754736661911,,0.11320754885673523,0.7056344716849687,0.6570428828303136,0.7361251230510215,0.6469898860088327
ontario,42,0.01,0.8869954671777234,0.529236414651646,0.6867283079387853,0.2679290795976607,0.36073805149487986,,,,,,134985,0.09433962404727936,,0.09433962404727936,0.7063746932951073,0.6565623266970373,0.7358257277304958,0.6481504840325003
ontario,42,0.05,0.8877702578014022,0.526792520643498,0.6872906258847504,0.2673713824101933,0.3590823618464599,,,,,,134985,0.056603774428367615,,0.07547169923782349,0.7087550850372804,0.6574812040691662,0.7354097463644507,0.6475164680681043
ontario,42,0.1,0.8869711820346718,0.5253698691916611,0.6878272375925243,0.2670143137992996,0.3588674631600237,,,,,,134985,0.01886792480945587,,0.09433962404727936,0.7076359769890144,0.6600214102714944,0.7350278234759501,0.6486237396336382
ontario,42,0.5,0.8849141310228447,0.532118022830925,0.6876028045780614,0.2674033786788968,0.3580136645140012,,,,,,134985,0.0,,0.07547169923782349,0.7064158641603768,0.6689150158633965,0.728129028844184,0.646951309444288
ontario,42,1.0,0.8828281474884474,0.5392174703015474,0.6883494803792888,0.2668289728910646,0.3570633627891957,,,,,,134985,0.0,,0.056603774428367615,0.7075451280880443,0.6719042942307143,0.724887314560499,0.6490611846378969
ontario,123,0.0,0.8361731742196985,0.26109811542526873,0.7238985398872648,0.21565673796122892,0.3292031735342025,,,,,,134985,0.056603774428367615,,0.03773584961891174,0.7291751233952745,0.6805399935870268,0.8103298545759965,0.6755491879907618
ontario,123,0.01,0.8365197501245711,0.26953329637869794,0.7194692297331219,0.2187491316245273,0.3320655972096953,,,,,,134985,0.056603774428367615,,0.03773584961891174,0.7279580754059294,0.674502238817764,0.8060732323692845,0.6693433723395099
ontario,123,0.05,0.8362539402012696,0.26787305845821413,0.7193707547787518,0.21902573994200839,0.33253373316367363,,,,,,134985,0.0,,0.056603774428367615,0.7262757281802072,0.6758494890684343,0.8062394134539261,0.6691183884124392
ontario,123,0.1,0.838697667306715,0.2953937149200404,0.7140241631668336,0.22410312356692802,0.33585760456721436,,,,,,134985,0.0,,0.056603774428367615,0.7156651257021653,0.6737088556657236,0.8001260996087081,0.6665965716907374
ontario,123,0.5,0.4948847315543108,0.22841990343230956,0.537231397792479,0.3576559462342357,0.46373785662198047,,,,,,134985,0.0,,0.0,0.5876876341987538,0.4702474999532269,0.646453228998689,0.44453722801924656
ontario,123,1.0,0.49344695471436806,0.22610692658082795,0.5351076326302354,0.35955007622208346,0.4656192764281434,,,,,,134985,0.0,,0.0,0.5874265756676225,0.4716045570972568,0.6367511646179027,0.4446482331381598
ontario,456,0.0,0.6605914119826475,0.6798084452363553,0.5834657016979463,0.8162888984998405,0.5974087111103066,,,,,,134985,0.056603774428367615,,0.07547169923782349,0.60315894651452,0.5891404942937508,0.5998813065184043,0.54168205946511
ontario,456,0.01,0.660672028138969,0.679709709765953,0.5838520471562254,0.8154889297561991,0.5971749040452218,,,,,,134985,0.01886792480945587,,0.07547169923782349,0.6024093394504172,0.5879676615917404,0.6033212148499123,0.5417099727328312
ontario,456,0.05,0.661035556893399,0.6795641393689916,0.5850017413953668,0.8131654007711581,0.596267961186355,,,,,,134985,0.0,,0.056603774428367615,0.6010936074888635,0.5839237570300766,0.6127641802918309,0.542225420770696
ontario,456,0.1,0.6610359630065104,0.6788265096869379,0.5857004887160726,0.8118041697598312,0.5953723449819373,,,,,,134985,0.01886792480945587,,0.056603774428367615,0.5977310298187759,0.5806932133268778,0.621586650991903,0.542791060726734
ontario,456,0.5,0.7340967794017994,0.6745604852066898,0.6066170579559693,0.7705717902622703,0.5796259570383154,,,,,,134985,0.0,,0.07547169923782349,0.6203318445392028,0.6019774871999715,0.6399911484292464,0.5641677516554564
ontario,456,1.0,0.7333205658833727,0.66988780789796,0.606004215510739,0.7716214990230071,0.57949018936078,,,,,,134985,0.0,,0.01886792480945587,0.6192184574417733,0.5972938683983615,0.6452461955845816,0.5622583406182395
ontario,789,0.0,0.574924378644062,0.5348739856075131,0.6322113081144356,0.2503240347624225,0.3619732355383612,,,,,,134985,0.35849055647850037,,0.056603774428367615,0.6911266278344809,0.5920476381749136,0.7514146301185144,0.49425633632983357
ontario,789,0.01,0.5750080377571245,0.5356397047148872,0.6325132303157771,0.2502162664747849,0.3617607254981056,,,,,,134985,0.3207547068595886,,0.056603774428367615,0.6893942252957501,0.5936629063483939,0.752710929373688,0.4942848602452763
ontario,789,0.05,0.5750956420394806,0.5384783611583349,0.6334647079704752,0.24990675555211223,0.36101039413082414,,,,,,134985,0.24528302252292633,,0.056603774428367615,0.6832275310713899,0.5991285250540686,0.7571120333718595,0.494390742384582
ontario,789,0.1,0.5748134186990951,0.5400591147590514,0.6337647841395069,0.24996298711513026,0.36066569447481844,,,,,,134985,0.18867924809455872,,0.056603774428367615,0.6777087278783118,0.602980661752063,0.7598005424466404,0.49456920448101194
ontario,789,0.5,0.5725011404597481,0.5440449146826732,0.631710215894737,0.25212540653541243,0.36171667140713837,,,,,,134985,0.056603774428367615,,0.01886792480945587,0.6576357512373654,0.614757843097192,0.7590168786719707,0.4954303905724198
ontario,789,1.0,0.5699541520583441,0.5485904607102807,0.6292260207555419,0.25427563700082473,0.36266482073273426,,,,,,134985,0.0,,0.01886792480945587,0.6437705279690039,0.6218380793888214,0.7551058483448034,0.49618962731953853
ontario,1024,0.0,0.6895876910122262,0.6086093242248193,0.4290795343722221,0.6834725094547573,0.5647197008277144,,,,,,134985,0.01886792480945587,,0.056603774428367615,0.4214113488982807,0.4515965248705295,0.4685929200741721,0.37471734364590614
ontario,1024,0.01,0.689608538367041,0.6082143664520786,0.42897355964030776,0.6835750810463859,0.5647044088273374,,,,,,134985,0.01886792480945587,,0.056603774428367615,0.4206926555547559,0.4513351228850804,0.4693422400567038,0.3745242200646913
ontario,1024,0.05,0.6897461474626175,0.6076413182015226,0.42890492957224235,0.6836132259198721,0.5640262190312726,,,,,,134985,0.0,,0.056603774428367615,0.4195682344635655,0.4512370172509701,0.47021696036542415,0.3745975062090092
ontario,1024,0.1,0.6899284889481396,0.6067374867141155,0.4290262738485555,0.6835124897148799,0.563470980699005,,,,,,134985,0.0,,0.056603774428367615,0.42069730900171554,0.4510614086464738,0.4700106147643073,0.3743357629817258
ontario,1024,0.5,0.6876801679297379,0.601922048002923,0.4277883454506673,0.6855041319268586,0.5624923641249354,,,,,,134985,0.0,,0.056603774428367615,0.4321123783955013,0.4523636308246892,0.45256849727988935,0.37410887530258896
ontario,1024,1.0,0.6865747389744314,0.5986301657069535,0.4270273661608764,0.6865644822011734,0.5618043264238046,,,,,,134985,0.0,,0.03773584961891174,0.43496718473585994,0.4518597633525001,0.44787619109950794,0.3734063254556371
ontario,2025,0.0,0.5640455458487839,0.3737680992625225,0.5196091270988736,0.46923008252632686,0.5055414695398348,,,,,,134985,0.3962264060974121,,0.11320754885673523,0.5494894796533152,0.44512139172985177,0.6241454431224579,0.4596801938898698
ontario,2025,0.01,0.5640659345828198,0.37414083586468105,0.5201385461500987,0.4688630936285325,0.5053133427780677,,,,,,134985,0.37735849618911743,,0.11320754885673523,0.5491169988517788,0.44778672809972186,0.6239944571021514,0.4596560005467427
ontario,2025,0.05,0.564008580447201,0.37548308148451837,0.5220740524270784,0.467543180270674,0.5043942522380775,,,,,,134985,0.3396226465702057,,0.11320754885673523,0.5475381966845547,0.45748842048740046,0.6235473599977785,0.45972223253857947
ontario,2025,0.1,0.5638171550262491,0.37664456545631086,0.5237926905140349,0.46640915965414426,0.5035928617240713,,,,,,134985,0.3396226465702057,,0.11320754885673523,0.5459336385710634,0.4666193371759262,0.6229612977569696,0.45965648855218033
ontario,2025,0.5,0.5592278283997604,0.38273885420862674,0.5331993429490761,0.46090252316170344,0.4996747595931924,,,,,,134985,0.24528302252292633,,0.11320754885673523,0.5334995020424211,0.5237275041053415,0.6156853491701253,0.4598850164784165
ontario,2025,1.0,0.5984632981679066,0.38769817991982247,0.5605809021762727,0.4340793388188167,0.47312680231583837,,,,,,134985,0.18867924809455872,,0.1320754736661911,0.5582821881799943,0.5590808261756922,0.6416785360112629,0.4832820583381413
ontario,3407,0.0,0.7512625859826652,0.6791057420437796,0.5958217994940007,0.5140880104939687,0.47748858183374676,,,,,,134985,0.0,,0.01886792480945587,0.5881171877726232,0.6078889431890617,0.6255137746980632,0.5617672923162551
ontario,3407,0.01,0.7511662465517273,0.6783133526170101,0.5954118453190919,0.5145499257007786,0.47740791108693514,,,,,,134985,0.0,,0.03773584961891174,0.5868843488794718,0.6072346648109039,0.6256636641700442,0.5618647034159474
ontario,3407,0.05,0.7508535346396417,0.6769829369980099,0.5946749486854099,0.5153109227886721,0.4775569834837502,,,,,,134985,0.0,,0.03773584961891174,0.5846549265877916,0.6067947643980728,0.6250019294770555,0.5622481742787201
ontario,3407,0.1,0.7507261403795246,0.6765179431149473,0.5951497041875402,0.5148552274510702,0.4771949339820364,,,,,,134985,0.0,,0.056603774428367615,0.5856957513501478,0.6060927262680982,0.6261278194387547,0.56268251969316
ontario,3407,0.5,0.697149808446438,0.6899556106219606,0.5711725130067924,0.553055271040265,0.48681319269392387,,,,,,134985,0.0,,0.03773584961891174,0.6210056855349493,0.5637075517621171,0.6067087940517693,0.49326802067833375
ontario,3407,1.0,0.6925628828283936,0.6924886743374967,0.5667246674288522,0.5593510770276352,0.4929611130104205,,,,,,134985,0.01886792480945587,,0.0,0.6206843820891981,0.5562182482864941,0.6021303567674227,0.4878656825722939
ontario,5555,0.0,0.739759885342134,0.4841256501923458,0.45967899106722415,0.3956766258077532,0.4039869486633657,,,,,,134985,0.35849055647850037,,0.0,0.37867514770878774,0.5165052523697315,0.523106183256133,0.4204293809342443
ontario,5555,0.01,0.7398908882721597,0.4839841939634023,0.4596267626582742,0.3957263393104624,0.4042196434876798,,,,,,134985,0.2641509473323822,,0.0,0.37907679941411854,0.5164504509033674,0.5228342481020373,0.42014555221357397
ontario,5555,0.05,0.7399976936561433,0.4843831630756652,0.45943743034193907,0.3959472256578125,0.4049454080173933,,,,,,134985,0.0,,0.0,0.38338451025711573,0.5169257246266648,0.5182597439585881,0.4191797425253877
ontario,5555,0.1,0.7399641727960551,0.484711288964821,0.4586090392613622,0.39665467005797816,0.405177006320542,,,,,,134985,0.0,,0.0,0.3869036027404128,0.5163453557128035,0.5135792731072877,0.41760792548494496
ontario,5555,0.5,0.7397619670647502,0.47971192998052703,0.45099029054200257,0.40225571964024087,0.4097919629598354,,,,,,134985,0.0,,0.0,0.3856671863258724,0.5133553684344685,0.4908189302331962,0.4141196771744733
ontario,5555,1.0,0.6198855280713802,0.4699605571633071,0.32584042842953664,0.49630261559534794,0.4672285560018533,,,,,,134985,0.0,,0.0,0.3728123510382335,0.4204009941127017,0.3733445606108655,0.1368038079563454
ontario,7777,0.0,0.8804673002842436,0.7793472811481179,0.6229096420723601,0.4301792933993253,0.45735951385520096,,,,,,134985,0.11320754885673523,,0.01886792480945587,0.5920744824327868,0.6396207710919013,0.6341268985071331,0.6258164162576192
ontario,7777,0.01,0.88144594041625,0.7792427269171857,0.6223503582848917,0.4306458508166684,0.4577772538431329,,,,,,134985,0.09433962404727936,,0.01886792480945587,0.5932063521791382,0.6364813134315661,0.6344445335048035,0.6252692340240591
ontario,7777,0.05,0.8814353730755949,0.7772192215846816,0.6232780266478009,0.4294211534648051,0.45780080521626043,,,,,,134985,0.0,,0.01886792480945587,0.5960516421844106,0.6355690676597969,0.6356974041909029,0.6257939925560929
ontario,7777,0.1,0.879916129916298,0.7818090624413739,0.6247405706210203,0.42769168643795785,0.4579034356083107,,,,,,134985,0.0,,0.03773584961891174,0.5982022726348434,0.6351692440777057,0.6377077709353857,0.6278829948361464
ontario,7777,0.5,0.8802342916447814,0.7775350753371267,0.618231481874214,0.43450128186972903,0.4635321136969197,,,,,,134985,0.0,,0.0,0.5984428493231725,0.6162300470906852,0.6329577285350588,0.6252953025479392
ontario,7777,1.0,0.8935352328111726,0.7683713391159629,0.6095085013697996,0.44393104204955314,0.47291864103729575,,,,,,134985,0.0,,0.0,0.5960953700043188,0.592473848182351,0.6248124807662132,0.624652306526315
ontario,9999,0.0,0.5924168124731009,0.31888928676260075,0.4748646863654044,0.5591312459024383,0.5527329244605397,,,,,,134985,0.01886792480945587,,0.1320754736661911,0.488076107468133,0.43873963691776163,0.5169578491614337,0.45568515191428915
ontario,9999,0.01,0.5924100841275155,0.31881715234017194,0.4748692485738655,0.5591259588946864,0.5527770691330043,,,,,,134985,0.01886792480945587,,0.1320754736661911,0.4880834789461639,0.4387396914532453,0.5169494061797667,0.45570441771628534
ontario,9999,0.05,0.592386933841065,0.3187250422801877,0.47485049616533037,0.5591461557613997,0.5528982910889664,,,,,,134985,0.01886792480945587,,0.1320754736661911,0.48810724792444116,0.4387021192778492,0.5168718503255307,0.4557207671335005
ontario,9999,0.1,0.5923546611985624,0.3185615686684087,0.47483669164925946,0.5591628039815038,0.5530974031900202,,,,,,134985,0.01886792480945587,,0.1320754736661911,0.48817872426985365,0.4386616867893244,0.5167673084754549,0.45573904706240453
ontario,9999,0.5,0.5450603890110988,0.31741625949841157,0.4382025412407905,0.5985035615450001,0.5763883342148347,,,,,,134985,0.0,,0.07547169923782349,0.463956697297227,0.3930222467276231,0.474863573868781,0.4209676470695307
ontario,9999,1.0,0.5443159757981264,0.31596603572108645,0.4376501930977329,0.5990888312262446,0.5775152352593627,,,,,,134985,0.0,,0.07547169923782349,0.4640747163663601,0.3928464074574095,0.4726998273440933,0.4209798212230683
