Dataset,Seed,Arm,Train R2,Val R2,Test R2,Test MSE,Test MAE,Test R2 DCAA (ug/L),Test R2 TCAA (ug/L),Test R2 BCAA (ug/L),Test R2 HAA5 (ug/L),Test R2 HAA9 (ug/L),Params,viol_haa5,viol_haa9,viol_nonneg,Test R2 DCAA,Test R2 TCAA,Test R2 HAA5,Test R2 TTHM
original,42,mlp,0.8226778380586388,0.40267155243028807,0.2675676111181768,0.4457337650753635,0.46010843695599285,0.2533021547612464,0.2772792926848534,0.11169367611600256,0.3649557658720024,0.3306071661567792,5061,0.550000011920929,0.10000000149011612,0.0,,,,
original,42,mlp_hier,0.9173094739156914,0.3525611434117423,0.19058123760026557,0.48387551883758945,0.4762105320855329,0.23754770854415663,0.13166937528406797,0.04878068217178633,0.25906275816298185,0.27584566383833464,5061,0.0,0.0,0.0,,,,
original,42,explainable,0.36546560955562307,0.3414419365757156,0.04923677851334955,0.5628069020264252,0.6028591948196423,0.013317415042882308,0.1282945585357852,0.030482816058618467,0.06871106631255774,0.005378036616904058,177466,0.05000000074505806,0.0,0.0,,,,
original,123,mlp,0.6276408385280204,0.3444503374176889,0.11699506441306065,0.5441766952056911,0.5378953289354168,-0.008752021828723144,0.26146413859333995,0.05246124964192711,0.1273539094200441,0.15244804623871566,5061,0.3499999940395355,0.25,0.0,,,,
original,123,mlp_hier,0.6390218985736498,0.35398843318016726,0.1188781362459937,0.543312586212935,0.5402007160495914,0.002900166568954976,0.25510041265603967,0.0282343468765186,0.13872612720050537,0.16942962792794958,5061,0.10000000149011612,0.05000000074505806,0.0,,,,
original,123,explainable,0.6159676261855107,0.4011464033545705,0.10234711207206118,0.5541146242555317,0.5421127628353294,0.03769742386379549,0.1379773707860089,0.06642269531702127,0.05784557654149203,0.21179249385198762,177466,0.0,0.800000011920929,0.0,,,,
original,456,mlp,0.5876019672347781,0.29714833796624174,0.41424294893151997,0.5450905512861534,0.588488367516541,0.4435898397003787,0.4628647791912093,0.0756746016676123,0.5195887677547902,0.5694967563436091,5061,0.30000001192092896,0.20000000298023224,0.0,,,,
original,456,mlp_hier,0.5768112326842186,0.29057662094528564,0.4049729353001946,0.5526843511599574,0.5964392248168524,0.45306937027443617,0.48453109444416187,0.07105764412988602,0.49527628773986654,0.5209302799126223,5061,0.25,0.10000000149011612,0.0,,,,
original,456,explainable,0.6234145717471483,0.30365322526161875,0.5057982550329709,0.46684844652168156,0.5345505948209421,0.5797260697305464,0.6107523539008172,0.16937346737052728,0.6002961396835692,0.5688432444793949,177466,0.10000000149011612,0.20000000298023224,0.0,,,,
original,789,mlp,0.6037272248796708,0.3932908303814758,0.42642808037962004,0.7737222558938277,0.5575983243971827,0.5580634681857137,0.4706104207513997,0.04571166741736965,0.5146884942748922,0.5430663512687252,5061,0.3499999940395355,0.4000000059604645,0.0,,,,
original,789,mlp_hier,0.6007159791272093,0.40106256338707735,0.4239561523864527,0.77900079189988,0.5580874014615707,0.5663009763890683,0.4749008441738627,0.03778433013896576,0.5250765669733681,0.5157180442569986,5061,0.15000000596046448,0.15000000596046448,0.0,,,,
original,789,explainable,0.9542538960633167,0.4870550761413922,0.3849068785343779,0.7999233824789139,0.4759994972279449,0.4914602440344512,0.39769684625641044,0.04351843630933416,0.4810943278133447,0.5107645382583486,177466,0.0,0.0,0.0,,,,
original,1024,mlp,0.605006282724438,0.5680107494476895,0.37383586909821603,0.5624618501937262,0.5932785463930379,0.4276986135775468,0.3802691341808795,2.766455104341592e-05,0.5577297582107817,0.5034541749708283,5061,0.30000001192092896,0.3499999940395355,0.0,,,,
original,1024,mlp_hier,0.6200213020540959,0.5870893341756476,0.3901328720626341,0.5439574977760071,0.5829819017314624,0.48694524283969054,0.4183974786215706,-0.03246431236560632,0.5644662522201727,0.5133196989973426,5061,0.15000000596046448,0.05000000074505806,0.0,,,,
original,1024,explainable,0.7189195520598461,0.1590482256001641,0.2507466715696788,0.6602968268973657,0.6670120198029423,0.31992590945745447,0.4000213427486743,-0.288289065623061,0.411095527680608,0.4109796435847175,177466,0.0,0.20000000298023224,0.05000000074505806,,,,
original,2025,mlp,0.9361908595247197,0.3533016974404462,0.3517724251956788,0.27264955693062165,0.39787455744689726,0.48309890358893104,0.5601444791875518,-0.4276657092411471,0.5651503586483186,0.5781340937947396,5061,0.15000000596046448,0.05000000074505806,0.0,,,,
original,2025,mlp_hier,0.9593254676076768,0.3539710778854587,0.3432988027838134,0.2768739417588552,0.38402362463528766,0.4946256218045326,0.5645030105249482,-0.4891094849609161,0.570276757358904,0.576198109191599,5061,0.05000000074505806,0.0,0.0,,,,
original,2025,explainable,0.9657053113959172,0.3040583403571595,0.3346894798896181,0.276037018099096,0.40496765521571787,0.42016626452658334,0.5202538902237919,-0.2406534780953944,0.5108366338018393,0.4628440889912706,177466,0.0,0.0,0.0,,,,
original,3407,mlp,0.6947173549115584,0.3781996780483955,0.021639971148508706,1.1397950634642628,0.7064763215814025,0.20175663103968355,-0.21741465886094868,0.11910973377765044,0.0193848441389034,-0.014636694352744728,5061,0.4000000059604645,0.3499999940395355,0.0,,,,
original,3407,mlp_hier,0.6828563758999018,0.39123723749299094,0.06959236226626966,1.1243872264287584,0.692727867861764,0.2806857672372709,-0.11347837360817348,0.09777425158045228,0.04520015617688833,0.03778000994491015,5061,0.3499999940395355,0.10000000149011612,0.0,,,,
original,3407,explainable,0.785587571056974,0.2627892174310089,0.019549936902084862,1.1389826086609078,0.6850776925388024,0.0894412365036561,-0.08447185923191736,0.1249088238485414,0.02529309143240721,-0.05742160804226293,177466,0.0,0.05000000074505806,0.0,,,,
original,5555,mlp,0.7381126185330752,0.6642276213440298,0.5653440033997827,0.47860021792324015,0.5252298494639198,0.654843789029433,0.6440834540596792,0.17643293150586847,0.6746573495293442,0.6767024928745888,5061,0.25,0.25,0.0,,,,
original,5555,mlp_hier,0.7330390937964336,0.6726754108715312,0.5664160548419102,0.4766820261124914,0.5236950428825932,0.6532932003064171,0.645271060663426,0.1746920111508521,0.6781042424645146,0.6807197596243413,5061,0.20000000298023224,0.10000000149011612,0.0,,,,
original,5555,explainable,0.6322726353862435,0.7059111701847064,0.5001836291291438,0.5514732652803771,0.5792464077635044,0.5297181821075136,0.6246075920452202,0.0891739461124863,0.6266657237312149,0.6307527016492843,177466,0.0,0.0,0.05000000074505806,,,,
original,7777,mlp,0.46666144428604583,0.1048381847880859,0.23509949085911072,1.0853006570744774,0.7273807618651943,0.20907445836094463,0.254027844841054,0.06954070712882798,0.2931017936706122,0.34975265029411573,5061,0.25,0.25,0.0,,,,
original,7777,mlp_hier,0.46440759217794875,0.11200044472710691,0.23390575920200854,1.0880882421578042,0.7284956042838535,0.20190576221568246,0.24187398091278933,0.07128606319037378,0.29973242309270987,0.3547305665984877,5061,0.15000000596046448,0.15000000596046448,0.0,,,,
original,7777,explainable,0.4381278845311753,0.20753796721927448,0.3118315379180655,0.9279789064484578,0.7308963317656906,0.3224516560887092,0.3169734944205721,-0.05441763940166777,0.43251337463713124,0.541636803845583,177466,0.15000000596046448,0.0,0.0,,,,
original,9999,mlp,0.876730367971744,0.09458025122762201,0.4418631223113617,1.4522944091032208,0.6805553359801572,0.5910454512782496,0.5190166982615139,-0.0461423344053955,0.5772496299997938,0.5681461664226464,5061,0.15000000596046448,0.44999998807907104,0.0,,,,
original,9999,mlp_hier,0.8753173506007059,0.09476771495143821,0.43800023193993365,1.460682486465769,0.6852111635758402,0.5841112881672901,0.5099779058178103,-0.051674381523389545,0.5785088261348315,0.5690775211031254,5061,0.05000000074505806,0.0,0.0,,,,
original,9999,explainable,0.8995370917985218,0.19289172971573176,0.4485796312805602,1.3951436938763992,0.6618476568104411,0.6129299613124506,0.4783070010165088,0.012214065843168642,0.5766347799279601,0.5628123483027132,177466,0.0,0.0,0.0,,,,
ontario,42,mlp,0.6144538973839658,0.31355295442915104,0.6536962207310901,0.29788092686242773,0.3893471140774761,,,,,,4932,0.5283018946647644,,0.056603774428367615,0.627621201216979,0.6254507102817962,0.7424437653977154,0.61926920602787
ontario,42,mlp_hier,0.6142589435638899,0.3151914823460078,0.6539052649744246,0.29767574478993736,0.3863641711627359,,,,,,4932,0.16981132328510284,,0.056603774428367615,0.6316835773837788,0.6273999999674498,0.7348939335215272,0.6216435490249423
ontario,42,explainable,0.8869711820346718,0.5253698691916611,0.6878272375925243,0.2670143137992996,0.3588674631600237,,,,,,134985,0.01886792480945587,,0.09433962404727936,0.7076359769890144,0.6600214102714944,0.7350278234759501,0.6486237396336382
ontario,123,mlp,0.3350676220252969,0.04678642006742445,0.34364540477110805,0.5156968903840791,0.5995675916218728,,,,,,4932,0.09433962404727936,,0.0,0.42998027227623103,0.25388387077047103,0.3382707603370162,0.3524467157007144
ontario,123,mlp_hier,0.3336464605009072,0.04511284923183484,0.34169886533069393,0.5174879232519639,0.6008319429365446,,,,,,4932,0.03773584961891174,,0.0,0.4269704581414402,0.25683503173829314,0.3343597186971722,0.3486302527458707
ontario,123,explainable,0.838697667306715,0.2953937149200404,0.7140241631668336,0.22410312356692802,0.33585760456721436,,,,,,134985,0.0,,0.056603774428367615,0.7156651257021653,0.6737088556657236,0.8001260996087081,0.6665965716907374
ontario,456,mlp,0.6008502394140429,0.6906853277405822,0.5354281013262849,0.9128063984031892,0.6460648673811455,,,,,,4932,0.09433962404727936,,0.01886792480945587,0.5779012487794732,0.49978214586292036,0.5583763244451725,0.5056526862175736
ontario,456,mlp_hier,0.5992722871691778,0.6904621800532518,0.534410026946244,0.9148103066370867,0.6475420688814548,,,,,,4932,0.07547169923782349,,0.01886792480945587,0.5768520522268974,0.4993299272449081,0.5568490964664425,0.504609031846728
ontario,456,explainable,0.6610359630065104,0.6788265096869379,0.5857004887160726,0.8118041697598312,0.5953723449819373,,,,,,134985,0.01886792480945587,,0.056603774428367615,0.5977310298187759,0.5806932133268778,0.621586650991903,0.542791060726734
ontario,789,mlp,0.5304574510954478,0.5297495529581135,0.49094382455351115,0.3474278439816386,0.436714620083243,,,,,,4932,0.2830188572406769,,0.0,0.45073782489686687,0.5232383986152029,0.4920726787029711,0.4977263959990038
ontario,789,mlp_hier,0.5425429386709655,0.5310264803481906,0.4938771886630834,0.34567610699609574,0.4329836969898208,,,,,,4932,0.01886792480945587,,0.01886792480945587,0.44509198521552873,0.5193125294245489,0.5115958078794169,0.49950843213283913
ontario,789,explainable,0.5748134186990951,0.5400591147590514,0.6337647841395069,0.24996298711513026,0.36066569447481844,,,,,,134985,0.18867924809455872,,0.056603774428367615,0.6777087278783118,0.602980661752063,0.7598005424466404,0.49456920448101194
ontario,1024,mlp,0.7309295956494831,0.5839469339669017,0.5122135153783864,0.5849494254127661,0.5361972718212964,,,,,,4932,0.09433962404727936,,0.07547169923782349,0.5291088656508915,0.5304388002933011,0.5325084883711737,0.4567979071981796
ontario,1024,mlp_hier,0.7307153938084876,0.5847533167777992,0.5120228806680425,0.5852206720773754,0.5365088111945847,,,,,,4932,0.056603774428367615,,0.07547169923782349,0.5297896471640983,0.5294333517481247,0.5329915091782746,0.45587701458167207
ontario,1024,explainable,0.6899284889481396,0.6067374867141155,0.4290262738485555,0.6835124897148799,0.563470980699005,,,,,,134985,0.0,,0.056603774428367615,0.42069730900171554,0.4510614086464738,0.4700106147643073,0.3743357629817258
ontario,2025,mlp,0.5586216275817787,0.39056703729925624,0.533155075385684,0.45451146278852705,0.49759454708222123,,,,,,4932,0.30188679695129395,,0.01886792480945587,0.5734376788012628,0.6016584525461202,0.6583189145132129,0.2992052556821402
ontario,2025,mlp_hier,0.5561267651215878,0.39187184869494307,0.5313088673987909,0.4570160640663765,0.5002590906816071,,,,,,4932,0.16981132328510284,,0.01886792480945587,0.5706029363366117,0.606394128977171,0.6460447290295261,0.3021936752518546
ontario,2025,explainable,0.5638171550262491,0.37664456545631086,0.5237926905140349,0.46640915965414426,0.5035928617240713,,,,,,134985,0.3396226465702057,,0.11320754885673523,0.5459336385710634,0.4666193371759262,0.6229612977569696,0.45965648855218033
ontario,3407,mlp,0.6441095425265813,0.6612044130875694,0.5113609261255639,0.6285689051054535,0.539944473961898,,,,,,4932,0.15094339847564697,,0.11320754885673523,0.5620440914494489,0.5234884122224831,0.5638960154374472,0.39601518539287683
ontario,3407,mlp_hier,0.6441413659780777,0.6609483085376828,0.5114726522646137,0.6284546879118027,0.5397053275596445,,,,,,4932,0.11320754885673523,,0.11320754885673523,0.5622704643867411,0.5234684589529264,0.5643199971106024,0.39583168860818474
ontario,3407,explainable,0.7507261403795246,0.6765179431149473,0.5951497041875402,0.5148552274510702,0.4771949339820364,,,,,,134985,0.0,,0.056603774428367615,0.5856957513501478,0.6060927262680982,0.6261278194387547,0.56268251969316
ontario,5555,mlp,0.6092619867796518,0.40449157896468446,0.39377067716429837,0.4477229475164889,0.4858229770191041,,,,,,4932,0.1320754736661911,,0.07547169923782349,0.3937618633831166,0.41859842111634604,0.42047575778275637,0.34224666637497403
ontario,5555,mlp_hier,0.6061093057787175,0.40342396728443386,0.3928695443795238,0.44835786249176623,0.48694206075855817,,,,,,4932,0.01886792480945587,,0.07547169923782349,0.39553310237870587,0.420021089188803,0.4121233644729356,0.34380062147765067
ontario,5555,explainable,0.7399641727960551,0.484711288964821,0.4586090392613622,0.39665467005797816,0.405177006320542,,,,,,134985,0.0,,0.0,0.3869036027404128,0.5163453557128035,0.5135792731072877,0.41760792548494496
ontario,7777,mlp,0.8815473566037204,0.6106003200176665,0.625437501452186,0.4248221157584936,0.47366643297212696,,,,,,4932,0.07547169923782349,,0.1320754736661911,0.6108853439599495,0.6340284354306003,0.6619793196280088,0.5948569067901853
ontario,7777,mlp_hier,0.8793941771426167,0.5856553780295369,0.6309384761584171,0.41870840575762264,0.47001048545318547,,,,,,4932,0.056603774428367615,,0.1320754736661911,0.6134566013291938,0.6396658288838272,0.6706371183846228,0.5999943560360246
ontario,7777,explainable,0.879916129916298,0.7818090624413739,0.6247405706210203,0.42769168643795785,0.4579034356083107,,,,,,134985,0.0,,0.03773584961891174,0.5982022726348434,0.6351692440777057,0.6377077709353857,0.6278829948361464
ontario,9999,mlp,0.5805533284237385,0.21445268590950115,0.40003642043138943,0.6410589582596011,0.6151477184566615,,,,,,4932,0.2075471729040146,,0.0,0.45743246787083613,0.36229572651606756,0.42197725258816,0.35844023475049425
ontario,9999,mlp_hier,0.5755843569193005,0.21041785322331624,0.39700351153159774,0.6443286930452314,0.6198611666024256,,,,,,4932,0.03773584961891174,,0.0,0.45739901741601574,0.35989162845621814,0.41397223466751853,0.35675116558663833
ontario,9999,explainable,0.5923546611985624,0.3185615686684087,0.47483669164925946,0.5591628039815038,0.5530974031900202,,,,,,134985,0.01886792480945587,,0.1320754736661911,0.48817872426985365,0.4386616867893244,0.5167673084754549,0.45573904706240453
