Dataset,Seed,Arm,Train R2,Val R2,Test R2,Test MSE,Test MAE,Test R2 DCAA (ug/L),Test R2 TCAA (ug/L),Test R2 BCAA (ug/L),Test R2 HAA5 (ug/L),Test R2 HAA9 (ug/L),Params,Best epoch,Train-Test gap,Test R2 DCAA,Test R2 TCAA,Test R2 HAA5,Test R2 TTHM
original,42,default,0.36546560955562307,0.3414419365757156,0.04923677851334955,0.5628069020264252,0.6028591948196423,0.013317415042882308,0.1282945585357852,0.030482816058618467,0.06871106631255774,0.005378036616904058,177466,15,0.3162288310422735,,,,
original,42,wd_1e-4,0.36451389089433917,0.34000439044155045,0.04776024415721343,0.5636366691115933,0.6032264411643279,0.013073752306682396,0.12867241713413846,0.02910082300478023,0.06445572498379537,0.003498503356670346,177466,15,0.31675364673712575,,,,
original,42,wd_1e-3,0.37187185036018033,0.309956358404676,0.028356624840669385,0.5737173015179643,0.6092649890676272,0.0004558040942296282,0.10100077186330969,0.01603070916371563,0.03885502279828501,-0.014559183716192914,177466,16,0.34351522551951097,,,,
original,42,dropout_0.3,0.6284100765641378,0.28378119559666737,0.290936110680306,0.45222169550681357,0.47438519753726727,0.1224121869890713,0.5039867482985616,0.07614637921192247,0.3777351595253582,0.37440007937661646,177466,30,0.33747396588383183,,,,
original,42,dropout_0.5,0.5982138899577253,0.2878494758066572,0.24863554076850605,0.4688605339593762,0.5171488804614767,0.16249022948197656,0.4427610509997627,0.06403851385470172,0.3017347212689223,0.27215318823716705,177466,47,0.34957834918921926,,,,
original,42,capacity_16,0.22572369615438886,0.06418895680816761,0.04052123488296626,0.567242570740683,0.6262916104503107,0.0049935624780279575,0.12301629531020086,0.026378919164167236,0.01246276742174679,0.03575463004068846,44930,27,0.1852024612714226,,,,
original,42,capacity_8,0.4630171485316826,0.15337535901109411,0.15012564572878145,0.52353990795358,0.5562819230911622,-0.009152545251449151,0.3607609617581443,0.039986017056409695,0.20156254129905182,0.1574712537817502,11518,68,0.3128915028029011,,,,
original,42,strong_reg,0.5922353711668469,0.13992448750125797,0.1853485831972531,0.49381732579774446,0.5415011219140825,0.12430055678409113,0.36780850319698344,0.09684835614182008,0.08986717341617301,0.2479183264471978,44930,59,0.40688678796959377,,,,
original,123,default,0.6159676261855107,0.4011464033545705,0.10234711207206118,0.5541146242555317,0.5421127628353294,0.03769742386379549,0.1379773707860089,0.06642269531702127,0.05784557654149203,0.21179249385198762,177466,28,0.5136205141134496,,,,
original,123,wd_1e-4,0.6320982787432022,0.3978618235648559,0.10649629805228637,0.5516984413009368,0.5505984456909723,0.04889525263255812,0.14067609571661588,0.051448224242265694,0.06379866611617857,0.22766325155381306,177466,29,0.5256019806909159,,,,
original,123,wd_1e-3,0.6116117096365977,0.4156107057886131,0.10123621369050081,0.5546630953008043,0.5477274063786562,0.020821671794180374,0.1352414167912106,0.06474260083022032,0.07223648009397865,0.21313889894291393,177466,30,0.5103754959460969,,,,
original,123,dropout_0.3,0.607806335990883,0.4343346345378736,0.11914093949427411,0.543667108125583,0.5533091124278255,0.025137943362550264,0.14800619707610774,0.06816250073841257,0.12309335673074873,0.23130469956355104,177466,35,0.48866539649660884,,,,
original,123,dropout_0.5,0.7125788385533145,0.4285536409452265,0.12460082021526434,0.5417437264105082,0.5941559524249808,0.10023802152722905,0.2060835328067182,-0.024302200405919683,0.15152223304147105,0.18946251410682302,177466,71,0.5879780183380502,,,,
original,123,capacity_16,0.5214052470899242,0.27975942175694213,0.08090820156730841,0.5688551749676305,0.5581484691715316,0.04575047100863716,0.1312331397493629,0.031236386266726313,0.12214063214915472,0.0741803786626608,44930,39,0.4404970455226158,,,,
original,123,capacity_8,0.609728346299937,0.43040017759477533,0.05375770219991427,0.583409593531514,0.5746602405277235,-0.10821319189347389,0.1289606616787835,-0.017373797265413105,0.12231960623057259,0.14309523224910248,11518,95,0.5559706441000227,,,,
original,123,strong_reg,0.4927606844102357,0.31179985174328373,0.09774368184724905,0.5581028704746112,0.5541971184771752,0.05312828171127437,0.1468371897635028,0.025330378569447087,0.12656261145127035,0.1368599477407505,44930,43,0.39501700256298666,,,,
original,456,default,0.6234145717471483,0.30365322526161875,0.5057982550329709,0.46684844652168156,0.5345505948209421,0.5797260697305464,0.6107523539008172,0.16937346737052728,0.6002961396835692,0.5688432444793949,177466,29,0.11761631671417738,,,,
original,456,wd_1e-4,0.6225194882760197,0.30391694628870597,0.5033006824134355,0.4692548070619543,0.5359767578759449,0.5767911475001669,0.6098978646361585,0.16496349001716804,0.5982530037702742,0.5665979061434099,177466,29,0.11921880586258415,,,,
original,456,wd_1e-3,0.6098235146163524,0.3343587554993849,0.4953865954528287,0.4761847072687194,0.5388452163183348,0.567942723334937,0.5970748627732279,0.1557985297545279,0.6010970588646891,0.5550198025367615,177466,30,0.11443691916352372,,,,
original,456,dropout_0.3,0.5948371728036194,0.4256758155546806,0.49492803771212673,0.47718533330946383,0.5292935084023731,0.5630954066435572,0.6030023818229029,0.1512799073264971,0.5976233702685085,0.5596391224991681,177466,36,0.09990913509149263,,,,
original,456,dropout_0.5,0.5277046756428171,0.3803479691257546,0.4026876314833884,0.552470798530312,0.5793556263762272,0.3988736699540594,0.5262193812721332,0.0943947921961783,0.5095990411967057,0.48435127279786516,177466,47,0.12501704415942871,,,,
original,456,capacity_16,0.5825590084144808,0.31414792992429996,0.45284132023736934,0.512719609752853,0.5436073155983026,0.5008630897597379,0.5649488726523788,0.11420719675394309,0.5418937361434053,0.5422937058773813,44930,49,0.1297176881771115,,,,
original,456,capacity_8,0.5683960452523757,0.09410742258767782,0.46789634648283807,0.49101754570871226,0.5483735279066438,0.4383111298157608,0.6204535807414551,0.20679409668771664,0.524130931881974,0.5497919932872837,11518,121,0.10049969876953768,,,,
original,456,strong_reg,0.5392499163561998,0.386000531148239,0.39008814840701467,0.5626556796389377,0.5765457329601029,0.4074381895127044,0.5253477564436064,0.08514586766729604,0.4557414899358916,0.4767674384755747,44930,58,0.14916176794918512,,,,
original,789,default,0.9542538960633167,0.4870550761413922,0.3849068785343779,0.7999233824789139,0.4759994972279449,0.4914602440344512,0.39769684625641044,0.04351843630933416,0.4810943278133447,0.5107645382583486,177466,217,0.5693470175289388,,,,
original,789,wd_1e-4,0.8942627043241556,0.4610350546831608,0.3670367257459241,0.8090342199171336,0.49369396931108184,0.46121866126520494,0.38318656590405464,0.04790552251178193,0.4559287044384026,0.4869441746101765,177466,108,0.5272259785782314,,,,
original,789,wd_1e-3,0.8748675514821652,0.3785525199214054,0.37620638662696104,0.7753796937801806,0.48555359246822727,0.46496356619172763,0.3698678221589463,0.11095080828116899,0.44802140587435635,0.48722833062860593,177466,108,0.4986611648552042,,,,
original,789,dropout_0.3,0.5850541662321511,0.15339603209667213,0.31080603500286985,0.8394093339991461,0.6093778526352992,0.4155210960615666,0.32399668987982144,0.05828683938946633,0.3903189033442417,0.3659066463392533,177466,33,0.27424813122928127,,,,
original,789,dropout_0.5,0.6477727366004433,0.3220127022577301,0.3662422337922943,0.7895474503120672,0.5753895634452147,0.5053668384908554,0.3672982458442877,0.0935718476835744,0.4378883942844989,0.4270858426582551,177466,65,0.281530502808149,,,,
original,789,capacity_16,0.5765324458319497,0.3042647861965565,0.29192749232928933,0.8839171315795177,0.6146120886081988,0.4507627597336117,0.23520736617519844,-0.01939933587457321,0.34848161086632057,0.44458506074588944,44930,47,0.2846049535026604,,,,
original,789,capacity_8,0.48928186959386755,0.32291658151171887,0.19257300434000874,0.9306114488132964,0.6378753375321233,0.196421770605545,0.3091590315718753,0.021113505671754296,0.325617497370171,0.11055321648069838,11518,80,0.2967088652538588,,,,
original,789,strong_reg,0.5477573109327608,0.27137362379350743,0.2560348964830902,0.9094232678835006,0.6342181375131651,0.40735432797659055,0.21965572133477373,-0.02606599901330431,0.3144969479565167,0.3647334841608745,44930,55,0.2917224144496706,,,,
original,1024,default,0.7189195520598461,0.1590482256001641,0.2507466715696788,0.6602968268973657,0.6670120198029423,0.31992590945745447,0.4000213427486743,-0.288289065623061,0.411095527680608,0.4109796435847175,177466,37,0.46817288049016736,,,,
original,1024,wd_1e-4,0.7161488204327547,0.17879030011401165,0.24782622646966646,0.6616406349315149,0.6683133609249585,0.3262114504254373,0.3999552988406365,-0.31049040253114524,0.41021648909454556,0.41323829651885746,177466,37,0.4683225939630883,,,,
original,1024,wd_1e-3,0.694447796761045,0.2405441350642373,0.2648289594459852,0.6449976114601322,0.6727389250538642,0.3507645076016134,0.41814554218612754,-0.30229072353651043,0.42356908696882845,0.43395638400986636,177466,38,0.42961883731505973,,,,
original,1024,dropout_0.3,0.6396201889231772,0.26884110939692774,0.2696634041928222,0.6375591424525527,0.6652104805416836,0.31402340450833355,0.4278029691592601,-0.30280772368697906,0.4584979581990656,0.4508004127844306,177466,34,0.369956784730355,,,,
original,1024,dropout_0.5,0.583856656072775,0.4946529044044202,0.30515864878319576,0.6005917159053661,0.6384655140888275,0.39734658109611554,0.4655438169411005,-0.32709778136050205,0.49458102252701563,0.49541960471224866,177466,48,0.2786980072895793,,,,
original,1024,capacity_16,0.7834166594637735,0.16615443033925498,0.3499753895884478,0.5772231319283262,0.6236182730784762,0.41595038416190533,0.49259261505657126,-0.07076329608685605,0.4477899011661115,0.46430734364450665,44930,111,0.43344126987532566,,,,
original,1024,capacity_8,0.10723850756708278,-0.059664293066721164,0.04700262802969639,0.891922475163495,0.7457689784305497,0.0664406641512233,0.07674743515744498,-0.10346819168706833,0.13293155288434977,0.06236167964253114,11518,37,0.06023587953738639,,,,
original,1024,strong_reg,0.7686331611327544,0.21685405291356652,0.32869945890865293,0.6010658622286151,0.6332017824521289,0.3730821107930068,0.4520754760967588,-0.04789473631591057,0.42081588115844604,0.4454185628109627,44930,158,0.43993370222410144,,,,
original,2025,default,0.9657053113959172,0.3040583403571595,0.3346894798896181,0.276037018099096,0.40496765521571787,0.42016626452658334,0.5202538902237919,-0.2406534780953944,0.5108366338018393,0.4628440889912706,177466,140,0.631015831506299,,,,
original,2025,wd_1e-4,0.9889023658787661,0.30152550726965766,0.3660272380230594,0.2613915459155235,0.3843384822141274,0.4401336045300316,0.5033695297049352,-0.10006086524254787,0.5078012162079484,0.4788927049149301,177466,396,0.6228751278557068,,,,
original,2025,wd_1e-3,0.7819942327883673,0.27389123726329434,0.2928151160531362,0.29311566613352846,0.4249858155886602,0.3815640025849558,0.48903974130427974,-0.30364009932586145,0.4555205321525321,0.44159140354977466,177466,61,0.4891791167352311,,,,
original,2025,dropout_0.3,0.8182882554949437,0.31746551348943897,0.29573926200045914,0.2903056771828684,0.4424478063413345,0.40086044356559447,0.47899182306181987,-0.22500833206164583,0.43006342342142656,0.3937889520151011,177466,150,0.5225489934944845,,,,
original,2025,dropout_0.5,0.24250978827365266,0.08000184229648892,0.1163869006744505,0.3527795540355628,0.4942143889324894,0.21244587234518886,0.11466611828127382,0.043743753234044225,0.17055623008764165,0.040522529424104614,177466,18,0.12612288759920215,,,,
original,2025,capacity_16,0.726394540209691,0.3459577167126917,0.28321573405967015,0.29600532000613194,0.44546537698278776,0.3433867378640588,0.4901076277174168,-0.24360282147117585,0.44514640616769385,0.3810407200203577,44930,68,0.4431788061500208,,,,
original,2025,capacity_8,0.3391141504499261,0.02546003522592275,0.01562319867791091,0.38899493441869465,0.5241524418624273,0.23024753440175794,-0.23734354035006033,0.034002442796398524,0.08432580978371074,-0.03311625324225176,11518,55,0.3234909517720152,,,,
original,2025,strong_reg,0.7813237314826276,0.24964852090497916,0.3298286042663017,0.2794661948828601,0.42165914143970856,0.4092114886854935,0.5345838391915567,-0.31634272705064603,0.5409413013159252,0.48074911918917906,44930,175,0.4514951272163259,,,,
original,3407,default,0.785587571056974,0.2627892174310089,0.019549936902084862,1.1389826086609078,0.6850776925388024,0.0894412365036561,-0.08447185923191736,0.1249088238485414,0.02529309143240721,-0.05742160804226293,177466,40,0.7660376341548891,,,,
original,3407,wd_1e-4,0.7849541835288006,0.2624386528517451,0.030455770352674327,1.131662162371073,0.6828090406094895,0.09652647501371481,-0.06969878396646578,0.12629222985061517,0.03995013062339603,-0.040791199757888696,177466,40,0.7544984131761263,,,,
original,3407,wd_1e-3,0.7698749322699696,0.25437226427085574,0.04393162216989628,1.1306940642372694,0.6866046976133114,0.09651474578270314,-0.0603823121086835,0.11531547630385175,0.0558091575008135,0.012401043370796616,177466,40,0.7259433101000733,,,,
original,3407,dropout_0.3,0.6729280934176611,0.2509937801325411,0.23066324656843012,1.067542629548186,0.6548135559205874,0.35944932321703793,0.14623326049213314,0.03828278797979423,0.3084769168197641,0.30087394433342163,177466,33,0.442264846849231,,,,
original,3407,dropout_0.5,0.7292845765812416,0.2953276428761777,0.28103048620014776,1.0106324201826018,0.6348256834878673,0.39067864756287096,0.28104216838001694,0.0811412433377775,0.33349754707520873,0.3187928246448647,177466,78,0.4482540903810938,,,,
original,3407,capacity_16,0.6864743854349618,0.35050159576335926,0.1835481827562379,1.0754912560347363,0.6895556781987799,0.27054024286234835,0.2245254608767816,0.07043193111290202,0.14217834444212962,0.21006493448702834,44930,62,0.5029262026787238,,,,
original,3407,capacity_8,0.3801936542303908,0.13551653148823484,0.07056879530184801,1.1911494821436757,0.7240383723160045,0.07686978996874294,-0.020525960449865543,-0.004431473624292082,0.09118962247770313,0.2097419981369515,11518,80,0.3096248589285428,,,,
original,3407,strong_reg,0.6512201470647636,0.34451812863436787,0.224718114142138,1.0802005539437207,0.6782145356287727,0.30270994643253846,0.2559181658424371,0.024957442622496773,0.263219686732008,0.27678532908120945,44930,72,0.4265020329226256,,,,
original,5555,default,0.6322726353862435,0.7059111701847064,0.5001836291291438,0.5514732652803771,0.5792464077635044,0.5297181821075136,0.6246075920452202,0.0891739461124863,0.6266657237312149,0.6307527016492843,177466,35,0.13208900625709963,,,,
original,5555,wd_1e-4,0.6309959027087244,0.7021874821607474,0.49847992161803295,0.5540050767436836,0.5820348122966632,0.5245648374580816,0.6215412821612412,0.091375852670462,0.6246192960273249,0.6302983397730555,177466,35,0.13251598109069146,,,,
original,5555,wd_1e-3,0.641889207703286,0.67923525485972,0.5218517612746447,0.5282275885108356,0.5634672492411049,0.5701662823992208,0.6484019846280367,0.1261261645316465,0.6141576201534331,0.6504067546608867,177466,39,0.12003744642864123,,,,
original,5555,dropout_0.3,0.805157746195361,0.6919708262299671,0.6134911447877626,0.42838572960500854,0.5122308662232623,0.6684643937823213,0.6784604225603975,0.2940280164015374,0.7125400420712157,0.713962849123341,177466,109,0.1916666014075984,,,,
original,5555,dropout_0.5,0.6856200208224813,0.6769384941138759,0.5452875324424639,0.5010125438362429,0.5755112547452764,0.5946731160380521,0.6460623019004146,0.1579238919142718,0.6586526840008322,0.6691256683587491,177466,143,0.14033248838001744,,,,
original,5555,capacity_16,0.6937903658846587,0.7465053583910302,0.5309291600925795,0.5161871116868603,0.5459187603680551,0.629332933267707,0.6293329114827695,0.10953772433280329,0.6402520419128312,0.6461901894667865,44930,70,0.1628612057920792,,,,
original,5555,capacity_8,0.5322749260644932,0.5330757438972407,0.4942505414241662,0.5692230092244396,0.6100129433390735,0.6041505166891253,0.5567892141531959,0.11576727315996593,0.601187908384174,0.5933577947343698,11518,164,0.038024384640327036,,,,
original,5555,strong_reg,0.6267163738359816,0.7329571907992813,0.4859262424325248,0.5776396314411537,0.5874426898617973,0.5700084414671193,0.5518899861040372,0.10551872342937008,0.5874001806256798,0.6148138805364175,44930,86,0.14079013140345675,,,,
original,7777,default,0.4381278845311753,0.20753796721927448,0.3118315379180655,0.9279789064484578,0.7308963317656906,0.3224516560887092,0.3169734944205721,-0.05441763940166777,0.43251337463713124,0.541636803845583,177466,21,0.1262963466131098,,,,
original,7777,wd_1e-4,0.43475396732580024,0.211710531534838,0.3082760303618194,0.9343680630947837,0.7326102742080527,0.3228092156935941,0.3119937438946676,-0.05485125028278959,0.4241887872759712,0.5372396552276537,177466,21,0.12647793696398085,,,,
original,7777,wd_1e-3,0.43957580773840305,0.21145761052448134,0.3255910824049346,0.9081951209862902,0.7231851436719821,0.3361812595353372,0.34139814269999147,-0.03545802650103669,0.4398833419630438,0.5459506943273379,177466,23,0.11398472533346843,,,,
original,7777,dropout_0.3,0.4100991156640289,0.24911910770985432,0.34479642317682774,0.8713663087163693,0.7086657917201482,0.3211917497323826,0.38608820570004254,-0.03381005171796336,0.48712529352075584,0.5633869186489214,177466,25,0.06530269248720116,,,,
original,7777,dropout_0.5,0.3428253792931351,0.2594609973335388,0.2894531005501693,0.9562841456065867,0.748712459174976,0.22778739256949676,0.3621334363929335,-0.057032580482915485,0.4094997349280709,0.5048775193432617,177466,31,0.053372278742965795,,,,
original,7777,capacity_16,0.18305484303656422,-0.013115697534576332,-0.002945169622533039,1.4836678973369266,0.8866334511402645,-0.10361302410469131,-0.054691814785948534,0.029189501106968718,0.020079436965044994,0.09431005270596193,44930,26,0.18600001265909727,,,,
original,7777,capacity_8,0.46115636474597377,0.12868551366914507,0.3402797224984669,0.9006214864082667,0.6718534798722666,0.36967636271258775,0.40543531202984806,0.048235386526551904,0.4033941511064477,0.47465740011689883,11518,87,0.12087664224750688,,,,
original,7777,strong_reg,0.19501341459430338,-0.004132919810571556,0.013256968950014691,1.4596188840058464,0.8748142347928711,-0.07009560978441431,-0.04727647007128999,0.03714964878265259,0.03254669033159796,0.11396058549152777,44930,32,0.1817564456442887,,,,
original,9999,default,0.8995370917985218,0.19289172971573176,0.4485796312805602,1.3951436938763992,0.6618476568104411,0.6129299613124506,0.4783070010165088,0.012214065843168642,0.5766347799279601,0.5628123483027132,177466,77,0.4509574605179616,,,,
original,9999,wd_1e-4,0.829423209217798,0.15071141608192487,0.4084519164099161,1.4908672483601668,0.6999524376149867,0.5733302529480118,0.45975366197623435,-0.05424221501647497,0.5149110791100568,0.5485068030317524,177466,57,0.42097129280788187,,,,
original,9999,wd_1e-3,0.8155901756373002,0.12378123012741123,0.39452944360319503,1.5211793602167243,0.7078654756413718,0.5522173010143228,0.45191026444967497,-0.07420046803843272,0.5058304951419624,0.5368896254484474,177466,58,0.42106073203410516,,,,
original,9999,dropout_0.3,0.8490862026602246,0.2327191682899218,0.4311887695213863,1.454657036014348,0.68189353580257,0.5998281989501844,0.4572627091040945,-0.036680843991952594,0.5613476812791826,0.574186102265423,177466,92,0.4178974331388383,,,,
original,9999,dropout_0.5,0.7920688943081009,0.2050434960629955,0.399619586432063,1.552790485235953,0.7141527184897869,0.5795442178279,0.44218519640030984,-0.11353904470356624,0.5515418700010509,0.5383656926346203,177466,115,0.3924493078760379,,,,
original,9999,capacity_16,0.8534072692536985,-0.12640703505086312,0.4212232009107475,1.4658992083398432,0.6965324513532515,0.5535148444396603,0.48430634724543553,-0.04089201523260755,0.5473229445028673,0.5618638835983819,44930,211,0.432184068342951,,,,
original,9999,capacity_8,0.2704346965731105,-0.17545736154652572,0.2224033464645856,1.8571778612708407,0.7766714867718677,0.3191308983054094,0.2408895248470232,-0.2768368847182274,0.3380553735791739,0.4907778203095483,11518,57,0.048031350108524884,,,,
original,9999,strong_reg,0.6891285545482966,-0.11475233315518826,0.4450950585886323,1.5444691607723393,0.69533530026865,0.6041783075100315,0.5362443045687839,-0.15314838262713715,0.6100358368510136,0.6281652266404696,44930,80,0.24403349595966428,,,,
ontario,42,default,0.8869711820346718,0.5253698691916611,0.6878272375925243,0.2670143137992996,0.3588674631600237,,,,,,134985,114,0.19914394444214756,0.7076359769890144,0.6600214102714944,0.7350278234759501,0.6486237396336382
ontario,42,wd_1e-4,0.8855241346782461,0.5524857752373695,0.6850281784927729,0.26953802743027966,0.3592791879971919,,,,,,134985,113,0.20049595618547322,0.7032101001630772,0.6558579436107209,0.7311733384660672,0.6498713317312259
ontario,42,wd_1e-3,0.8789421799644876,0.5681641556188385,0.6702758789043067,0.2822216992658204,0.36940610422306586,,,,,,134985,113,0.20866630106018091,0.6891704612670989,0.6384606512769281,0.7163776095148187,0.6370947935583811
ontario,42,dropout_0.3,0.8866174014526316,0.5587461634741846,0.6692579729284174,0.28377229667827975,0.36615588235245167,,,,,,134985,182,0.2173594285242142,0.6805742242315742,0.655494595011419,0.7024631817822462,0.6384998906884299
ontario,42,dropout_0.5,0.8264992379653315,0.5091771931956226,0.6711287552495948,0.28266806686018536,0.35987621938435443,,,,,,134985,392,0.15537048271573672,0.6687380422076457,0.6488045784320692,0.7137965036071969,0.6531758967514669
ontario,42,capacity_16,0.8662767793700954,0.4292922607089178,0.6497392639499675,0.29917332838699284,0.3755167350568216,,,,,,34217,197,0.2165375154201279,0.6834505610788665,0.6060373598015597,0.6954036926022873,0.6140654423171565
ontario,42,capacity_8,0.8305279451480049,0.42086428856262104,0.658061670256069,0.2938969023378667,0.37129414413154216,,,,,,8793,294,0.1724662748919359,0.660384894060201,0.6374570657688783,0.6914720713998985,0.6429326497952981
ontario,42,strong_reg,0.7268567696374479,0.362122332946025,0.6891122184289309,0.26705241294789184,0.36131689363274627,,,,,,34217,94,0.03774455120851705,0.6887606123953731,0.673981292675583,0.731725821204468,0.6619811474402986
ontario,123,default,0.838697667306715,0.2953937149200404,0.7140241631668336,0.22410312356692802,0.33585760456721436,,,,,,134985,185,0.12467350413988143,0.7156651257021653,0.6737088556657236,0.8001260996087081,0.6665965716907374
ontario,123,wd_1e-4,0.8368003476420837,0.29065707673987773,0.7185297195142034,0.2207295428102818,0.333309499619986,,,,,,134985,184,0.11827062812788025,0.7198690479213746,0.6824359738095749,0.8008776177519745,0.67093623857389
ontario,123,wd_1e-3,0.8151010667301728,0.24021161812352776,0.7342345624615602,0.20886442103467043,0.32314561457738367,,,,,,134985,333,0.08086650426861264,0.7286942366793526,0.7037857157132458,0.8195753696645129,0.6848829277891295
ontario,123,dropout_0.3,0.6763733585846791,0.21680641393099592,0.7359285056493232,0.2163251581589951,0.32056856420196045,,,,,,134985,35,-0.059555147064644154,0.6764813548868631,0.7491387187469625,0.799722413158205,0.7183715358052627
ontario,123,dropout_0.5,0.5592149921158909,0.22676401090824327,0.6401589792044465,0.2840092929762146,0.3951059535418571,,,,,,134985,22,-0.08094398708855566,0.6329589708067795,0.6230420555815234,0.7325104788314464,0.572124411598037
ontario,123,capacity_16,0.4947507182727529,0.29114108115499027,0.5576281047714624,0.345488544280635,0.41214512915767615,,,,,,34217,30,-0.0628773864987095,0.6054334021357575,0.5691719744186524,0.5953534523819715,0.46055359014946895
ontario,123,capacity_8,0.5517209499935962,0.33133336367751803,0.6100969043909854,0.3097364313801575,0.3865856640062079,,,,,,8793,67,-0.058375954397389185,0.562231283130391,0.6001086517215634,0.7669517588614785,0.5110959238505086
ontario,123,strong_reg,0.4939834287742132,0.29039158328903497,0.5794585462115118,0.3335697159871096,0.4067523585612317,,,,,,34217,33,-0.08547511743729863,0.5910623792365592,0.5744060316510823,0.6156900506696699,0.5366757232887356
ontario,456,default,0.6610359630065104,0.6788265096869379,0.5857004887160726,0.8118041697598312,0.5953723449819373,,,,,,134985,36,0.07533547429043774,0.5977310298187759,0.5806932133268778,0.621586650991903,0.542791060726734
ontario,456,wd_1e-4,0.7316463312073545,0.6807896688147628,0.6067887627123916,0.7702210796787129,0.5791416816244903,,,,,,134985,58,0.12485756849496288,0.6212850085076245,0.6042298326578082,0.6372977751003079,0.5643424345838264
ontario,456,wd_1e-3,0.7154831941322101,0.6808863631073483,0.600664241582154,0.781971529960267,0.5832073806784829,,,,,,134985,59,0.11481895255005603,0.6215150755413974,0.5957095212977552,0.6295030690864936,0.5559293004029697
ontario,456,dropout_0.3,0.6394414149368437,0.6761241033566613,0.5726029515280696,0.8382060141575831,0.6055902716498507,,,,,,134985,38,0.06683846340877408,0.5830494134840186,0.5719727696947996,0.6016387161673222,0.533750906766138
ontario,456,dropout_0.5,0.7065183492162066,0.6999271669034444,0.5934680710633893,0.794852242775576,0.5812146824254071,,,,,,134985,196,0.11305027815281732,0.6136694538576402,0.593796368197882,0.627155801165832,0.539250661032203
ontario,456,capacity_16,0.6644437937691682,0.6724821340525247,0.5912955249404925,0.7979532839326171,0.6016779040028805,,,,,,34217,64,0.07314826882867564,0.6107095504743776,0.5841325873257793,0.6421267834483249,0.5282131785134879
ontario,456,capacity_8,0.6991355368939174,0.7189522483381363,0.5511642741203346,0.8798495472164056,0.6211671451779309,,,,,,8793,144,0.14797126277358275,0.5887195357263051,0.5266400074859869,0.5815449098584742,0.5077526434105729
ontario,456,strong_reg,0.7238175431610205,0.691305800724902,0.6044282693914966,0.7731892371016205,0.5819475151518425,,,,,,34217,175,0.11938927376952391,0.6331731126916013,0.5889835094142801,0.6456930945530968,0.549863360907008
ontario,789,default,0.5748134186990951,0.5400591147590514,0.6337647841395069,0.24996298711513026,0.36066569447481844,,,,,,134985,16,-0.058951365440411796,0.6777087278783118,0.602980661752063,0.7598005424466404,0.49456920448101194
ontario,789,wd_1e-4,0.5738901473303912,0.5404012168327826,0.6331093802693447,0.25044811438445086,0.36164295578011074,,,,,,134985,16,-0.05921923293895348,0.6757011460919512,0.6031234148052368,0.7588696509437599,0.4947433092364306
ontario,789,wd_1e-3,0.5482477444032792,0.5383481913152168,0.6188671141587744,0.26127511172071516,0.3773462528590151,,,,,,134985,16,-0.07061936975549521,0.6406478005988856,0.6100225269640386,0.7494249448852038,0.47537318418696917
ontario,789,dropout_0.3,0.5742447584724868,0.5528171773589373,0.6311357197823151,0.2523876108354415,0.36390249536567076,,,,,,134985,17,-0.05689096130982829,0.6654037704874303,0.6165755429127766,0.753633908427205,0.4889296573018488
ontario,789,dropout_0.5,0.6245865844330749,0.5846581848986481,0.620950105457587,0.25923471754787775,0.3660150456668003,,,,,,134985,42,0.003636478975487911,0.6427494274744622,0.6259389764081528,0.7027327008545894,0.5123793170931435
ontario,789,capacity_16,0.5603895518024689,0.5670284277775639,0.6376315189668949,0.250022690019133,0.36239728676649025,,,,,,34217,38,-0.077241967164426,0.6551122924469714,0.6906776260927051,0.7315468161371637,0.47318934119073897
ontario,789,capacity_8,0.5785028811293506,0.5483635621504679,0.6111008037318568,0.26778179737792474,0.36107945034023303,,,,,,8793,85,-0.03259792260250627,0.5917752370808087,0.6621230564598868,0.6774314787047928,0.513073442681939
ontario,789,strong_reg,0.5834773859334168,0.5750511871200246,0.6396857464303072,0.24901434416833534,0.34993085581143757,,,,,,34217,41,-0.056208360496890375,0.6478231210729696,0.6859033320282528,0.7560067261589479,0.46900980646105805
ontario,1024,default,0.6899284889481396,0.6067374867141155,0.4290262738485555,0.6835124897148799,0.563470980699005,,,,,,134985,27,0.2609022150995841,0.42069730900171554,0.4510614086464738,0.4700106147643073,0.3743357629817258
ontario,1024,wd_1e-4,0.6894051044205468,0.6078696265725495,0.42866186322550354,0.6840130851372461,0.5636272847216834,,,,,,134985,27,0.2607432411950433,0.42182645529493745,0.45041801390289316,0.4684838469875847,0.3739191367165988
ontario,1024,wd_1e-3,0.6992155104519888,0.6087819742392552,0.4566329394799868,0.6507921412117523,0.5493312188556033,,,,,,134985,30,0.24258257097200203,0.45629047762334374,0.4769175471763162,0.49261476108923263,0.4007089720310547
ontario,1024,dropout_0.3,0.6738627658772347,0.6214330334904048,0.4508252667935745,0.658630908809186,0.5708894232494197,,,,,,134985,31,0.22303749908366022,0.47055263073725784,0.46794115053067287,0.4838256837840038,0.38098160212236376
ontario,1024,dropout_0.5,0.6497190424107793,0.607500696271531,0.4670575166781902,0.639033919570312,0.5438433576946347,,,,,,134985,42,0.1826615257325891,0.48168236480602733,0.47000782365238025,0.501677027438195,0.41486285081615815
ontario,1024,capacity_16,0.7062859897891605,0.5938398315083576,0.5146210745838714,0.5811979597664929,0.5028481467932879,,,,,,34217,50,0.19166491520528905,0.5125084806636667,0.5406470986960594,0.5323597555703304,0.47296896340542915
ontario,1024,capacity_8,0.6825587298285862,0.6577697040436798,0.535829104995086,0.5569099180892327,0.5049937722406573,,,,,,8793,82,0.14672962483350027,0.5580784810791555,0.5549418710981413,0.5656092283053606,0.4646868394976865
ontario,1024,strong_reg,0.6767211066909551,0.5996173349435583,0.5202135620077181,0.5749799600539081,0.4960418701239898,,,,,,34217,47,0.15650754468323702,0.5281317162505712,0.5393371230057781,0.5446069006786719,0.4687785080958511
ontario,2025,default,0.5638171550262491,0.37664456545631086,0.5237926905140349,0.46640915965414426,0.5035928617240713,,,,,,134985,15,0.0400244645122142,0.5459336385710634,0.4666193371759262,0.6229612977569696,0.45965648855218033
ontario,2025,wd_1e-4,0.561269107388248,0.3771334353257142,0.5226651923491055,0.46779527899714485,0.5046808084447033,,,,,,134985,15,0.03860391503914251,0.5438687957892692,0.46863828355820925,0.61923314556984,0.4589205444791039
ontario,2025,wd_1e-3,0.5809340144792678,0.3737579319338994,0.5279492272556564,0.45980617288743475,0.49669130708706444,,,,,,134985,16,0.05298478722361144,0.5642083648838757,0.43665347183996583,0.636690831053587,0.4742442412451968
ontario,2025,dropout_0.3,0.5752391308343969,0.38857567200597753,0.5451141917366183,0.44582193781698487,0.48679438865064106,,,,,,134985,16,0.03012493909777858,0.5697631416736287,0.5053565513475776,0.626705856370677,0.4786312175545898
ontario,2025,dropout_0.5,0.5844328731859298,0.4134096585935174,0.5671420719221242,0.42466039106535286,0.4682513751613937,,,,,,134985,20,0.017290801263805666,0.6002600658249033,0.5591915875361948,0.6149870153837077,0.4941296189436909
ontario,2025,capacity_16,0.5175169050710786,0.3404641880683722,0.45321814034005387,0.5482294637687462,0.5357967058325885,,,,,,34217,35,0.06429876473102475,0.38625233729909736,0.46436324217523506,0.5539635300735524,0.4082934518123308
ontario,2025,capacity_8,0.5531751673527465,0.40518309181291245,0.5206498280883981,0.4679015877847773,0.511923109540313,,,,,,8793,50,0.03252533926434842,0.6176484274667907,0.48787132948268397,0.4613790099288072,0.5157005454753103
ontario,2025,strong_reg,0.5167506638605284,0.3642946309932831,0.45968837980212673,0.5416533304983081,0.5292087437171146,,,,,,34217,37,0.057062284058401636,0.3923633892303353,0.4649548102173169,0.563252906912211,0.4181824128486441
ontario,3407,default,0.7507261403795246,0.6765179431149473,0.5951497041875402,0.5148552274510702,0.4771949339820364,,,,,,134985,42,0.15557643619198436,0.5856957513501478,0.6060927262680982,0.6261278194387547,0.56268251969316
ontario,3407,wd_1e-4,0.7496239219348523,0.6762502813713526,0.5963104192439777,0.5136698412241636,0.4769348916133842,,,,,,134985,42,0.15331350269087463,0.5893480013923562,0.6065360705262511,0.6264712544043989,0.5628863506529045
ontario,3407,wd_1e-3,0.6948599153351269,0.6773527760076458,0.5710581920074326,0.5524489378077012,0.48757752825805956,,,,,,134985,29,0.12380172332769435,0.610854924150012,0.5598038346457253,0.6107737798505534,0.5028002293834403
ontario,3407,dropout_0.3,0.6879866962937982,0.6922213699174073,0.5652066269273637,0.5601896746789281,0.49233878064948855,,,,,,134985,30,0.12278006936643449,0.6076404206618121,0.5538245682558751,0.6046194098197399,0.49474210897202797
ontario,3407,dropout_0.5,0.7667285462155191,0.7038697823448291,0.6156467805476427,0.49219077466076927,0.47657133686194114,,,,,,134985,109,0.15108176566787646,0.6355322458703134,0.6246205819658424,0.6528799197644863,0.5495543745899286
ontario,3407,capacity_16,0.6967082262995377,0.6497883059689058,0.5984818915514643,0.5123942238648521,0.4869514210847822,,,,,,34217,65,0.09822633474807341,0.5967470868840096,0.5955501472084805,0.6335809994839936,0.5680493326293738
ontario,3407,capacity_8,0.7001767756721948,0.5774498251361783,0.5429267483309916,0.5878927557733908,0.48915756562833596,,,,,,8793,170,0.1572500273412032,0.5771497138243673,0.5270973879260001,0.5796963916254342,0.48776349994816526
ontario,3407,strong_reg,0.7084939702358442,0.6671990464757113,0.6056867199213866,0.5061038252635601,0.4823660685502543,,,,,,34217,101,0.10280725031445759,0.6272724636960486,0.5979126443494368,0.6435962993042756,0.5539654723357852
ontario,5555,default,0.7399641727960551,0.484711288964821,0.4586090392613622,0.39665467005797816,0.405177006320542,,,,,,134985,35,0.2813551335346929,0.3869036027404128,0.5163453557128035,0.5135792731072877,0.41760792548494496
ontario,5555,wd_1e-4,0.7397393424372224,0.4835290746189377,0.45967943643718195,0.39593368726796296,0.40347058304747796,,,,,,134985,35,0.28005990600004044,0.3893272220919817,0.5164750431809926,0.5149729884742611,0.41794249200149314
ontario,5555,wd_1e-3,0.7375621207066727,0.4908600128960343,0.4624954296715525,0.3940217173777397,0.39882426914393376,,,,,,134985,35,0.2750666910351202,0.3980331482466106,0.5185526987040261,0.5156319239463634,0.41776394778920944
ontario,5555,dropout_0.3,0.7354914897366731,0.5171716891569114,0.4788632559414143,0.38170714179896387,0.39508973811049997,,,,,,134985,39,0.2566282337952588,0.40397500871798553,0.5335628440335449,0.5257848515952293,0.45213031941889736
ontario,5555,dropout_0.5,0.7047147377049194,0.5452796836279793,0.5105849992783975,0.3612858808458585,0.3956705693961637,,,,,,134985,41,0.19412973842652193,0.5015886884057023,0.5294816115188706,0.5536177237492038,0.4576519734398128
ontario,5555,capacity_16,0.6101496341291506,0.5243641370302452,0.46322271050788094,0.3948164695119107,0.46886824925049275,,,,,,34217,33,0.14692692362126963,0.4173942428460685,0.49764985496631997,0.5086587583596713,0.42918798585946416
ontario,5555,capacity_8,0.628879330824991,0.5481143088169174,0.4759686930744229,0.3875912885374829,0.4436767934388273,,,,,,8793,70,0.15291063775056812,0.5138030301477212,0.5059195429534982,0.5115550464379917,0.37259715275848104
ontario,5555,strong_reg,0.6217226600400163,0.5282414794156565,0.4767089191732088,0.3850881885247017,0.45293884469168844,,,,,,34217,36,0.14501374086680752,0.4447926232995745,0.5132272593207832,0.5299287439566781,0.4188870501157992
ontario,7777,default,0.879916129916298,0.7818090624413739,0.6247405706210203,0.42769168643795785,0.4579034356083107,,,,,,134985,151,0.2551755592952777,0.5982022726348434,0.6351692440777057,0.6377077709353857,0.6278829948361464
ontario,7777,wd_1e-4,0.8772394054470698,0.7853384164269135,0.6255327471813681,0.4267304093625158,0.45851788042303343,,,,,,134985,151,0.2517066582657017,0.5984148774447791,0.6420820673088538,0.6399243928774172,0.6217096510944227
ontario,7777,wd_1e-3,0.8605570493000734,0.7734741099235836,0.6527532378114094,0.39602758889953754,0.449885674708726,,,,,,134985,214,0.207803811488664,0.6216778843698303,0.6697891393732563,0.6709389798727268,0.6486069476298242
ontario,7777,dropout_0.3,0.8207958518793503,0.5958849378868281,0.6771190095817052,0.36830845038474397,0.44236614832113247,,,,,,134985,805,0.1436768422976451,0.6426628387485782,0.7070256089742069,0.7013235559093491,0.6574640346946867
ontario,7777,dropout_0.5,0.5895517941418837,0.43049090176318683,0.6028664156550141,0.4515126992111729,0.4689461639277996,,,,,,134985,24,-0.013314621513130342,0.5998448321786771,0.659270629113021,0.5799097916630305,0.5724404096653273
ontario,7777,capacity_16,0.9179448976048168,0.7082555744519246,0.6378266061147748,0.410665601783386,0.4401929706366223,,,,,,34217,320,0.28011829149004197,0.6274089710858333,0.6503924594002881,0.6669712824820949,0.6065337114908831
ontario,7777,capacity_8,0.8353070689746999,0.5852348065087024,0.6905731148493801,0.35144225659461814,0.4285061549260959,,,,,,8793,353,0.14473395412531975,0.6695002073646171,0.7006262593073997,0.7277859227020018,0.6643800700235016
ontario,7777,strong_reg,0.7577724673305553,0.42470904094295947,0.6887646479408438,0.3552181182040443,0.42165590223874305,,,,,,34217,209,0.06900781938971146,0.6475853328786101,0.716588481217749,0.7247049878774467,0.6661797897895696
ontario,9999,default,0.5923546611985624,0.3185615686684087,0.47483669164925946,0.5591628039815038,0.5530974031900202,,,,,,134985,15,0.11751796954930294,0.48817872426985365,0.4386616867893244,0.5167673084754549,0.45573904706240453
ontario,9999,wd_1e-4,0.5913624108596778,0.318448938065768,0.47413853368219894,0.5598944655153071,0.5535332016189729,,,,,,134985,15,0.11722387717747884,0.4875005687927031,0.4386790703908714,0.5152122348690056,0.45516226067621557
ontario,9999,wd_1e-3,0.5672254960466577,0.3195466395993713,0.4564550735560895,0.578630868172554,0.5640280652999994,,,,,,134985,15,0.11077042249056823,0.47174667423218086,0.4207924289057453,0.4929687786026983,0.44031241248373365
ontario,9999,dropout_0.3,0.590122023991281,0.3231227081844079,0.4728565242409003,0.5604799495791686,0.5478197183235008,,,,,,134985,16,0.1172654997503807,0.46895237594981387,0.4493720943487568,0.517549140751985,0.45555248591304554
ontario,9999,dropout_0.5,0.7268423383231468,0.3017575076625958,0.5405042749656596,0.48992751726114153,0.4904927059407983,,,,,,134985,34,0.18633806335748726,0.5590160076188411,0.519255737658451,0.5732133295217388,0.5105320250636074
ontario,9999,capacity_16,0.6355429787655152,0.34820821400702273,0.4913695468939041,0.5424265579216427,0.5350173558633728,,,,,,34217,34,0.14417343187161114,0.5155224863995638,0.49664972692197484,0.5003534014117826,0.4529525728422954
ontario,9999,capacity_8,0.6418302879897445,0.2978610544119702,0.4999669390874404,0.5357077365037581,0.5576432236427336,,,,,,8793,61,0.14186334890230412,0.580539689942343,0.4738667996689433,0.4877537542750856,0.4577075124633897
ontario,9999,strong_reg,0.6248920012627386,0.33148574431196665,0.4829520880074687,0.5514580780466956,0.5517377363370553,,,,,,34217,36,0.1419399132552699,0.5060304507493589,0.49012506601153594,0.4948443064716429,0.44080852879733723
