Dataset,Seed,Scaler,Model,Train R2,Val R2,Test R2,Test MSE,Test MAE,Test R2 DCAA (ug/L),Test R2 TCAA (ug/L),Test R2 BCAA (ug/L),Test R2 HAA5 (ug/L),Test R2 HAA9 (ug/L),Params,Test R2 DCAA,Test R2 TCAA,Test R2 HAA5,Test R2 TTHM
original,42,zscore,Explainable Model,0.36546560955562307,0.3414419365757156,0.04923677851334955,0.5628069020264252,0.6028591948196423,0.013317415042882308,0.1282945585357852,0.030482816058618467,0.06871106631255774,0.005378036616904058,177466.0,,,,
original,42,zscore,SVR,0.7807873398523174,0.46098159958226476,0.28555202001126084,0.42931451496481293,0.45590252720696994,0.3491170315374992,0.2567194018248361,0.1332854866926766,0.3448376584893369,0.3438005215119554,,,,,
original,42,robust,Explainable Model,0.9663173508298252,0.6520140399414535,-0.07191989579652155,0.49211243029672147,0.3562791397583691,0.21955663588889207,0.28836941662172366,-1.453453842666649,0.35098645188074706,0.2349418592926793,177466.0,,,,
original,42,robust,SVR,0.7460836669421946,0.36371406292279707,0.27069864536353966,0.24811181101167984,0.3496435681407807,0.30522221560570395,0.17456249052706574,0.18115132582948845,0.3508446024502361,0.34171259240520446,,,,,
original,42,minmax,Explainable Model,0.39213280771544934,-0.052350148234031633,-0.07807770699372418,0.041206406413681,0.1645520260426326,-0.08231738153583623,0.017401623535311828,-0.04110614737740503,-0.10379997270986774,-0.18056665688082396,177466.0,,,,
original,42,minmax,SVR,0.7237190991346588,0.23087659941760794,-0.004188598534302157,0.03680628853843558,0.15751142681835711,0.13329261748476928,-0.2669537925163543,-0.07676818398401686,0.026131370484411276,0.16335499585968027,,,,,
original,123,zscore,Explainable Model,0.6159676261855107,0.4011464033545705,0.10234711207206118,0.5541146242555317,0.5421127628353294,0.03769742386379549,0.1379773707860089,0.06642269531702127,0.05784557654149203,0.21179249385198762,177466.0,,,,
original,123,zscore,SVR,0.7408537595276543,0.48206480662700235,0.3714323353896577,0.3915672468718564,0.46396032675878357,0.4548946392758867,0.3999318821786543,0.11955828020934389,0.4449640678519946,0.4378128074324089,,,,,
original,123,robust,Explainable Model,0.6092601615949016,0.3456561270394447,0.17907504343028774,0.8281770005428364,0.5803189814614664,0.19650620056291634,0.1805831405879046,0.11152723843501011,0.1471978156188436,0.259560821946764,177466.0,,,,
original,123,robust,SVR,0.6414024003792382,0.39824775592409467,0.2889319769708825,0.8868146709752999,0.4888472746208623,0.3772949178976681,0.3575966920412996,-0.04045690797880508,0.36565682388921783,0.3845683590050324,,,,,
original,123,minmax,Explainable Model,0.7492170393866234,0.3359801542946335,0.033639327794649176,0.03654936832545282,0.14479349494480628,0.012281683898777151,0.12607461000048492,-0.13306177877543557,0.09643545661378516,0.06646666723563421,177466.0,,,,
original,123,minmax,SVR,0.7342715490263128,-0.6604200206386153,-0.020440314829308547,0.038845182723366435,0.1438665133628782,-0.16960075929555685,0.0651000333585019,-0.1163796887086408,0.06587382494147453,0.0528050155576788,,,,,
original,456,zscore,Explainable Model,0.6234145717471483,0.30365322526161875,0.5057982550329709,0.46684844652168156,0.5345505948209421,0.5797260697305464,0.6107523539008172,0.16937346737052728,0.6002961396835692,0.5688432444793949,177466.0,,,,
original,456,zscore,SVR,0.6891031690197451,0.48101229082606983,0.4574793323679323,0.5004066088033169,0.5280257131556261,0.5015556977863933,0.5396386282268437,0.1816319573553593,0.5270011186189605,0.5375692598521049,,,,,
original,456,robust,Explainable Model,0.35173614674262577,0.0798899810845997,0.22644825208727562,0.7309369646762343,0.6216492632789621,0.2694583339746792,0.2973431090857671,0.009464375757789578,0.3028414714426704,0.2531339701754717,177466.0,,,,
original,456,robust,SVR,0.8630824611258149,0.29020427700136764,0.12887233012226956,0.7129935531284777,0.6050967494355408,0.24378793081826922,0.029681038264422144,0.1926799336624152,0.11964642473581277,0.05856632313042831,,,,,
original,456,minmax,Explainable Model,0.516376777141042,0.3223463686434706,0.38470298186155627,0.030492214735457306,0.13922932456250406,0.3708182625517672,0.5167884988929186,0.16420816385856474,0.42152090029402567,0.4501790837105061,177466.0,,,,
original,456,minmax,SVR,0.7929733746537132,0.5104546970756848,0.35839523027135833,0.031747440284870206,0.14724309435778518,0.47915778891757255,0.4306330371185504,0.06526648427359705,0.4378071221315547,0.37911171891551687,,,,,
original,789,zscore,Explainable Model,0.9542538960633167,0.4870550761413922,0.3849068785343779,0.7999233824789139,0.4759994972279449,0.4914602440344512,0.39769684625641044,0.04351843630933416,0.4810943278133447,0.5107645382583486,177466.0,,,,
original,789,zscore,SVR,0.7120290680266571,0.5969832670410625,0.4237355257026552,0.7880405381023954,0.5132866068186317,0.5472363345289971,0.5172923545075826,0.018755071001633872,0.5327322905981537,0.502661577876909,,,,,
original,789,robust,Explainable Model,0.4165512525076638,0.035031861722860616,-0.01731022944493077,0.7851545034550363,0.6202083921029545,0.1948882084855903,-0.11099406466749095,-0.01806164131258048,-0.06497517708020784,-0.08740847264996443,177466.0,,,,
original,789,robust,SVR,0.6962908798435838,0.543461399103846,0.28279209771229646,0.6353536586661719,0.4767097706423916,0.5481653643968372,0.20956242806674286,0.07438142498494527,0.2786079715120431,0.3032432996009141,,,,,
original,789,minmax,Explainable Model,0.39356385854452275,-0.17171731769491339,0.1269102647698488,0.054792888235562706,0.1738746446418637,0.17996671083844962,0.14920017536349772,-0.01196588611233107,0.18172607796887374,0.13562424579075338,177466.0,,,,
original,789,minmax,SVR,0.6734470493200411,0.25270908545405335,0.44111630811063857,0.038783212664129534,0.12818857817856302,0.6270812299168633,0.37078478050616437,0.09513620035700165,0.49652533813722677,0.6160539916359363,,,,,
original,1024,zscore,Explainable Model,0.7189195520598461,0.1590482256001641,0.2507466715696788,0.6602968268973657,0.6670120198029423,0.31992590945745447,0.4000213427486743,-0.288289065623061,0.411095527680608,0.4109796435847175,177466.0,,,,
original,1024,zscore,SVR,0.7151523331514752,0.44049899098526674,0.4773576865144261,0.4657128384072277,0.5063247577246286,0.5786819553418457,0.5208433701121775,0.10680932194635717,0.5839326414896298,0.5965211436821203,,,,,
original,1024,robust,Explainable Model,0.6222672943059768,0.18599549467563672,0.34289180283662535,0.3482521446297015,0.4967916147288993,0.3679057602939768,0.5111717023321505,-0.19602428512584869,0.5199288536200073,0.5114769830628403,177466.0,,,,
original,1024,robust,SVR,0.6566435437934477,0.5482586314002009,0.4679041178060695,0.288301811491123,0.3943819418722555,0.5624325577061542,0.4785621673145647,0.12558419888204175,0.5739863451680135,0.5989553199595732,,,,,
original,1024,minmax,Explainable Model,0.5284421946536607,0.2371070901110044,0.43203356281493777,0.02890405704914728,0.1385862587521708,0.5568861928899571,0.5643150435859925,-0.1258792057760667,0.5882263596433168,0.5766194237314894,177466.0,,,,
original,1024,minmax,SVR,0.7179818944633288,-2.142052445678254,0.3754590476451759,0.03412049561000989,0.14525733832119705,0.42656275891465234,0.4827382301599551,0.01027365757167864,0.4901371447991596,0.46758344678043395,,,,,
original,2025,zscore,Explainable Model,0.9657053113959172,0.3040583403571595,0.3346894798896181,0.276037018099096,0.40496765521571787,0.42016626452658334,0.5202538902237919,-0.2406534780953944,0.5108366338018393,0.4628440889912706,177466.0,,,,
original,2025,zscore,SVR,0.7290567888612807,0.16382246487636548,0.33968827043225575,0.2725191033313086,0.3969262686254532,0.358977110346547,0.5257986444948723,-0.1199532941592032,0.4644141324517166,0.4692047590273457,,,,,
original,2025,robust,Explainable Model,0.6352323870115848,0.19391829922731948,0.02725308137543969,0.5997363535390524,0.5313774869076248,0.0894187136610941,0.23378957661259447,-0.26179890027658015,0.0778857712264115,-0.0030297543463218,177466.0,,,,
original,2025,robust,SVR,0.6788016028001622,0.1466843725842079,0.3302310775718572,0.49673774594006154,0.41126929164132786,0.3023423570555247,0.513961952499283,-0.12461491892244836,0.4747477788988953,0.4847182183280315,,,,,
original,2025,minmax,Explainable Model,0.19671126433202246,-0.12983672769436194,0.03809533277016035,0.02588704600125712,0.1340250536552459,0.24333876078971084,0.27869285599031535,-0.035175423035689546,-0.0861029739396697,-0.2102765559538653,177466.0,,,,
original,2025,minmax,SVR,0.69116483616692,0.08919622877489282,0.19049981266879495,0.021423973698693262,0.12520449035907047,0.23111252746679978,0.24555949440855063,-0.07534819205204579,0.2691341499185669,0.2820410836021031,,,,,
original,3407,zscore,Explainable Model,0.785587571056974,0.2627892174310089,0.019549936902084862,1.1389826086609078,0.6850776925388024,0.0894412365036561,-0.08447185923191736,0.1249088238485414,0.02529309143240721,-0.05742160804226293,177466.0,,,,
original,3407,zscore,SVR,0.761641358785334,0.4231524767074652,0.2897187895082741,1.0437895449858348,0.5788903005198559,0.3988114971827661,0.2974501052416235,0.02067662548705873,0.34868975307891825,0.3829659665510041,,,,,
original,3407,robust,Explainable Model,0.6601610581326123,0.25293436658791657,0.1488042120282566,1.1517591338020798,0.5857792327359388,0.2258343010435373,0.06940605493930241,0.06583377058584727,0.16281671021628352,0.22013022335631294,177466.0,,,,
original,3407,robust,SVR,0.8394609215144303,0.39748287552826544,0.20695436380465332,1.090852278609253,0.577532214473475,0.36431453420885274,0.06981244603875514,0.11067880554461518,0.2019021188269957,0.2880639144040482,,,,,
original,3407,minmax,Explainable Model,0.5348360366223968,0.306765519941912,0.09456333727529745,0.05765527255859071,0.1670481879655393,0.14793038571947348,0.07237162069917158,-0.09396370381155461,0.1386391144399287,0.20783926932946795,177466.0,,,,
original,3407,minmax,SVR,0.749491207403588,0.2748322840563464,-0.693610752289408,0.0856867643636952,0.20005418700280245,-0.9497948592604502,-0.8553014466662332,0.19885030629714318,-1.1276664780478662,-0.7341412837696342,,,,,
original,5555,zscore,Explainable Model,0.6322726353862435,0.7059111701847064,0.5001836291291438,0.5514732652803771,0.5792464077635044,0.5297181821075136,0.6246075920452202,0.0891739461124863,0.6266657237312149,0.6307527016492843,177466.0,,,,
original,5555,zscore,SVR,0.6051549988754967,0.40239729725733164,0.5540201530102518,0.5004760380621232,0.5651384328398452,0.6347130158744941,0.6333874120951092,0.21849326637399402,0.6432861768073114,0.64022089390035,,,,,
original,5555,robust,Explainable Model,0.8057742270481661,0.5110699349690104,0.5586694210034481,0.615839116567309,0.5463297629485303,0.6506895033065807,0.5844242640477668,0.17403403652157046,0.6693886952667361,0.7148106058745866,177466.0,,,,
original,5555,robust,SVR,0.5436843042682493,0.31025471790535325,0.5157088120408261,0.6577125465654279,0.542523928564497,0.6140100849500372,0.5892331646176274,0.13484968297561517,0.6022783292711258,0.6381727983897247,,,,,
original,5555,minmax,Explainable Model,0.7140400227992498,0.6904963740938516,0.5793206466580065,0.024077025568440442,0.12345348717168769,0.6522909143573621,0.6762364539534562,0.17081171406154227,0.7047485492223817,0.6925156016952897,177466.0,,,,
original,5555,minmax,SVR,0.7813447752293148,0.42416388505454306,0.6179272822376991,0.020390575114829942,0.12375663607545143,0.7057782329446778,0.7641834057600148,0.12667487791300147,0.7418126554041826,0.7511872391666184,,,,,
original,7777,zscore,Explainable Model,0.4381278845311753,0.20753796721927448,0.3118315379180655,0.9279789064484578,0.7308963317656906,0.3224516560887092,0.3169734944205721,-0.05441763940166777,0.43251337463713124,0.541636803845583,177466.0,,,,
original,7777,zscore,SVR,0.6373244166090577,0.27440449625984936,0.40384295105935886,0.8570264570069005,0.6095881100571143,0.43008204264677397,0.37829479131230437,0.29600196534208334,0.42223713080068737,0.4925988251949458,,,,,
original,7777,robust,Explainable Model,0.37560295849843184,0.23229961225953666,0.30495082452465605,0.7212772272106076,0.634888577474656,0.28160698422126096,0.3270752852299238,-0.03863784785757862,0.42885356717228706,0.5258561338573875,177466.0,,,,
original,7777,robust,SVR,0.5445832042444161,0.2990336188510784,0.368752778815632,0.6515891941593316,0.513028909680032,0.39616041743358343,0.3689653329923147,0.06689771338634343,0.49787325123730586,0.5138671790286127,,,,,
original,7777,minmax,Explainable Model,0.3171685735433918,0.281317833095698,0.27094532255185616,0.06171180019387178,0.1887961981107373,0.17527616231922827,0.37412975055154607,-0.08472707596651374,0.3721044624880486,0.5179433133669716,177466.0,,,,
original,7777,minmax,SVR,0.4039740336190093,0.2274368804497154,0.33305159237133586,0.06073169257538721,0.1712178570794761,0.36838044183380947,0.36532496672883896,0.14093980942536932,0.3533044048910752,0.43730833897758603,,,,,
original,9999,zscore,Explainable Model,0.8995370917985218,0.19289172971573176,0.4485796312805602,1.3951436938763992,0.6618476568104411,0.6129299613124506,0.4783070010165088,0.012214065843168642,0.5766347799279601,0.5628123483027132,177466.0,,,,
original,9999,zscore,SVR,0.7274081615884962,0.044391800802516236,0.41276429749203825,1.524752841763925,0.7055651988305747,0.5347419954656231,0.516749777295047,-0.09872648938548712,0.5646424599374738,0.5464137441475347,,,,,
original,9999,robust,Explainable Model,0.8766566479487399,0.15459317474648054,0.43809001143772386,1.1129453831328386,0.5827971930655476,0.5798916023690357,0.46353138596872423,0.03871064350078024,0.5439644538958383,0.5643519714542407,177466.0,,,,
original,9999,robust,SVR,0.7096656415340957,0.002481373513372298,0.3916809154046005,1.2322459753294714,0.629218791159397,0.5068987200475863,0.4752796874648795,-0.08223876551486775,0.5331079018480981,0.5253570331773061,,,,,
original,9999,minmax,Explainable Model,-0.05758645848528554,-0.16230810305570542,0.04833429477101527,0.1197689348651914,0.22715754912093447,0.15159276584955184,0.18557483282058584,-0.23207151200343756,0.06976352778450379,0.06681185940387269,177466.0,,,,
original,9999,minmax,SVR,0.7242337134121715,0.2593772046261156,0.469907476343303,0.08921157233124326,0.16807749893668397,0.6027056258666545,0.5690703767494262,-0.10874295987377347,0.6377435579865596,0.6487607809876487,,,,,
ontario,42,zscore,Explainable Model,0.8869711820346718,0.5253698691916611,0.6878272375925243,0.2670143137992996,0.3588674631600237,,,,,,134985.0,0.7076359769890144,0.6600214102714944,0.7350278234759501,0.6486237396336382
ontario,42,zscore,SVR,0.7803878825779093,0.5424825210994049,0.6858525682760719,0.2703870481721883,0.34379345631360336,,,,,,,0.6689250653591142,0.6805517958511915,0.7428758175234845,0.651057594370497
ontario,42,robust,Explainable Model,0.8837497652148112,0.5227004675710252,0.7090344195743328,0.15775966321162432,0.26999373053266357,,,,,,134985.0,0.7129240629157896,0.6981287176269456,0.7469640748622018,0.6781208228923942
ontario,42,robust,SVR,0.7962573781086306,0.30274335030326144,0.6947040712854542,0.16269118696043586,0.28385504597024624,,,,,,,0.7210086380116125,0.6525481321882082,0.7502061107554554,0.6550534041865406
ontario,42,minmax,Explainable Model,0.6918887190978835,0.27935569561691553,0.6663422563159463,0.018773852389465835,0.09635912042455627,,,,,,134985.0,0.6906730270897519,0.625537200276665,0.7158435235387546,0.6333152743586136
ontario,42,minmax,SVR,0.8058444801283715,0.40601965259305,0.667073713959947,0.018639181996330786,0.0944217408999029,,,,,,,0.720287333260303,0.6126668467898438,0.715510445332139,0.6198302304575012
ontario,123,zscore,Explainable Model,0.838697667306715,0.2953937149200404,0.7140241631668336,0.22410312356692802,0.33585760456721436,,,,,,134985.0,0.7156651257021653,0.6737088556657236,0.8001260996087081,0.6665965716907374
ontario,123,zscore,SVR,0.7553501097612801,0.36576966969371083,0.6769564381087165,0.2566364129082609,0.3506581119613996,,,,,,,0.6666363166620537,0.6918466860039543,0.7378377514567622,0.6115049983120961
ontario,123,robust,Explainable Model,0.8189030223123106,0.23439977857365304,0.7226806733786464,0.1283128687586817,0.2510382110589044,,,,,,134985.0,0.6887024584342119,0.7009545095925539,0.8051797347032228,0.6958859907845971
ontario,123,robust,SVR,0.7481961369191422,0.2460359820330501,0.7268763686233477,0.12467994182647918,0.24316747702451985,,,,,,,0.708815734387861,0.7284724145705128,0.8041127396726453,0.666104585862372
ontario,123,minmax,Explainable Model,0.5036053689563045,0.19137781826934178,0.5767660459105335,0.026244526671913827,0.11887646259034394,,,,,,134985.0,0.4644984259287752,0.5821053825726092,0.5998616369173513,0.6605987382233979
ontario,123,minmax,SVR,0.8090457452518898,0.282183306227645,0.663486439210847,0.018653809691050478,0.09867355063376165,,,,,,,0.6915313496459577,0.6072933987016373,0.7576600321037268,0.5974609763920662
ontario,456,zscore,Explainable Model,0.6610359630065104,0.6788265096869379,0.5857004887160726,0.8118041697598312,0.5953723449819373,,,,,,134985.0,0.5977310298187759,0.5806932133268778,0.621586650991903,0.542791060726734
ontario,456,zscore,SVR,0.8997151818113804,0.33889260675355637,0.5292502150969796,0.9320923605498955,0.6518272023479104,,,,,,,0.5404294982326954,0.479946699457394,0.5472049475955136,0.549419715102315
ontario,456,robust,Explainable Model,0.7009480199691455,0.6175912415115599,0.5749126196362752,0.5302027469932207,0.49896201219028247,,,,,,134985.0,0.568398441302857,0.5527740374482238,0.6055528710471955,0.5729251287468246
ontario,456,robust,SVR,0.9534038569532253,0.05312224967105844,0.25137011523647823,0.9562824559877572,0.6626188724253087,,,,,,,0.1751680874543251,0.2410009886254868,0.20908691223324216,0.38022447263285886
ontario,456,minmax,Explainable Model,0.5247425499768041,0.6287756389018395,0.5160696403302693,0.050266942435087655,0.15419980725451654,,,,,,134985.0,0.4546321129856056,0.5554935107944743,0.5845615671622221,0.4695913703787752
ontario,456,minmax,SVR,0.8097609558453667,0.5670158378725669,0.5692347724010759,0.04559119845781677,0.14800473161535366,,,,,,,0.5863609697525911,0.5360909635454318,0.5760257794323622,0.5784613768739186
ontario,789,zscore,Explainable Model,0.5748134186990951,0.5400591147590514,0.6337647841395069,0.24996298711513026,0.36066569447481844,,,,,,134985.0,0.6777087278783118,0.602980661752063,0.7598005424466404,0.49456920448101194
ontario,789,zscore,SVR,0.923396558348251,0.3230293284753585,0.2724031897321348,0.4912168492296205,0.49315229262124,,,,,,,0.18052089711616215,0.17301873061465067,0.2566448821912881,0.479428249006439
ontario,789,robust,Explainable Model,0.549719494609532,0.5144529476680098,0.4658257437902429,0.28638080966670176,0.3826426681049861,,,,,,134985.0,0.4521300201683852,0.4975197345979503,0.5485016664192833,0.3651515539753525
ontario,789,robust,SVR,0.8798383898623421,0.43557965559628636,0.45404761472916566,0.30065196697938157,0.36962226298313816,,,,,,,0.37771563286744214,0.39586890226946514,0.4678993964945254,0.5747065272852298
ontario,789,minmax,Explainable Model,0.5608607256717884,0.5948736460644956,0.5843511962766749,0.01839858042290044,0.09772093397581337,,,,,,134985.0,0.603881131496529,0.5785752780213862,0.6600653138787379,0.49488306171004626
ontario,789,minmax,SVR,0.8464381261628466,0.4033982682331715,0.4497032349009267,0.02457575024953869,0.11764820160646976,,,,,,,0.3641012611504453,0.4188312032853557,0.4225835107441892,0.5932969644237163
ontario,1024,zscore,Explainable Model,0.6899284889481396,0.6067374867141155,0.4290262738485555,0.6835124897148799,0.563470980699005,,,,,,134985.0,0.42069730900171554,0.4510614086464738,0.4700106147643073,0.3743357629817258
ontario,1024,zscore,SVR,0.7899005001571471,0.5107676134718765,0.5384483956376231,0.553898161005012,0.5088306755937371,,,,,,,0.5584750787623141,0.5100373705735426,0.5710510256611272,0.5142301075535085
ontario,1024,robust,Explainable Model,0.7150950631948688,0.5710346800049549,0.45552566235343395,0.30086066933937,0.3809538268164623,,,,,,134985.0,0.45030754157097974,0.4630465110526747,0.47580758925727085,0.4329410075328114
ontario,1024,robust,SVR,0.8146618446745281,0.5282559354314383,0.5709399660460448,0.23729541730195772,0.3302195441583962,,,,,,,0.5815891685273861,0.5505908773338754,0.6106774197522876,0.5409023985706307
ontario,1024,minmax,Explainable Model,0.7260089417524915,0.6055203046581075,0.5837908810641583,0.03186062478999209,0.11801286077142761,,,,,,134985.0,0.5850150459402519,0.591921689428831,0.6063497694600528,0.5518770194274978
ontario,1024,minmax,SVR,0.687758886801797,0.6104975378791138,0.5093366155649202,0.03752232344826376,0.1312029114535068,,,,,,,0.4997462462120583,0.5248493818537288,0.5165382107974599,0.4962126233964339
ontario,2025,zscore,Explainable Model,0.5638171550262491,0.37664456545631086,0.5237926905140349,0.46640915965414426,0.5035928617240713,,,,,,134985.0,0.5459336385710634,0.4666193371759262,0.6229612977569696,0.45965648855218033
ontario,2025,zscore,SVR,0.9062452776789554,0.36365518707285444,0.43300455875509813,0.5642628460029562,0.48912475764957614,,,,,,,0.4230267817344622,0.4573692837211234,0.4724551947243989,0.37916697484040784
ontario,2025,robust,Explainable Model,0.49115861755502616,0.2892345954043791,0.5011737103717527,0.3547628668454142,0.4649929662222393,,,,,,134985.0,0.49620651304658603,0.5181630181641634,0.5212763681245046,0.4690489421517562
ontario,2025,robust,SVR,0.8702284085708507,0.1134552258483418,0.4442131545987881,0.39436692302157805,0.41237844487458686,,,,,,,0.4607947478291976,0.38519463357071126,0.4908757508801077,0.43998748611513594
ontario,2025,minmax,Explainable Model,0.5505671653205941,0.364552470118394,0.5321492820524768,0.02574780342431572,0.11510980011170088,,,,,,134985.0,0.5022253903042015,0.574778311361685,0.5927601682267658,0.45883325831725497
ontario,2025,minmax,SVR,0.830177846187388,0.3350135820206146,0.47791148539556294,0.02841988440643716,0.11691384618682125,,,,,,,0.5323077165159024,0.48132558627944977,0.5321683811460634,0.3658442576408365
ontario,3407,zscore,Explainable Model,0.7507261403795246,0.6765179431149473,0.5951497041875402,0.5148552274510702,0.4771949339820364,,,,,,134985.0,0.5856957513501478,0.6060927262680982,0.6261278194387547,0.56268251969316
ontario,3407,zscore,SVR,0.7899869159683741,0.6216808841086046,0.6023960114162628,0.5129857746249209,0.4655719459189158,,,,,,,0.6463964726879303,0.5959344426493159,0.6543048425525649,0.5129482877752404
ontario,3407,robust,Explainable Model,0.7382471592855913,0.6854305111572905,0.5702335630184403,0.33449169054150274,0.38412637252417264,,,,,,134985.0,0.5904011509849225,0.5461789025958095,0.6015337784086295,0.5428204200843998
ontario,3407,robust,SVR,0.7916132210328127,0.6042982117069431,0.608119016014921,0.3027809865898092,0.36733341336921443,,,,,,,0.6474220897645186,0.5962830451270751,0.6477586850644111,0.5410122441036797
ontario,3407,minmax,Explainable Model,0.6953812404341804,0.6764389201795966,0.5780790171889612,0.030852608311931966,0.11448952396635459,,,,,,134985.0,0.5814577684875606,0.5744749197499077,0.6257753239653678,0.5306080565530084
ontario,3407,minmax,SVR,0.8719589155861699,0.5168268454182314,0.4704498325396407,0.03918761542395856,0.1390173480536661,,,,,,,0.5477227111288214,0.44721676789500264,0.5077875289878904,0.3790723221468483
ontario,5555,zscore,Explainable Model,0.7399641727960551,0.484711288964821,0.4586090392613622,0.39665467005797816,0.405177006320542,,,,,,134985.0,0.3869036027404128,0.5163453557128035,0.5135792731072877,0.41760792548494496
ontario,5555,zscore,SVR,0.8995079867035461,0.2055914423461789,0.3866595531243354,0.4490518195907843,0.4181730739759485,,,,,,,0.2642478783694999,0.43511223085829576,0.40910408453592795,0.4381740187336184
ontario,5555,robust,Explainable Model,0.7444603758381758,0.43744438527249574,0.48450262531938315,0.32217817583567804,0.33524302509976467,,,,,,134985.0,0.4311722446370685,0.509297298916875,0.5220913861698204,0.4754495715537692
ontario,5555,robust,SVR,0.8128966612767212,0.45466370522353083,0.483970353954427,0.3249386581861657,0.34298084398030965,,,,,,,0.39525701236640254,0.5069004815683296,0.5172396842518887,0.5164842376310868
ontario,5555,minmax,Explainable Model,0.6624763778950823,0.5383330844488547,0.40107962498728433,0.02799725902286644,0.10429964016523302,,,,,,134985.0,0.3943344067115938,0.4060565980438342,0.4439761130245322,0.35995138216917666
ontario,5555,minmax,SVR,0.882068617077187,0.016222700052822253,0.05397297757189967,0.04357073063051637,0.1437049911850209,,,,,,,-0.010075812387174699,0.19490546126097275,0.12072795195034347,-0.08966569053654316
ontario,7777,zscore,Explainable Model,0.879916129916298,0.7818090624413739,0.6247405706210203,0.42769168643795785,0.4579034356083107,,,,,,134985.0,0.5982022726348434,0.6351692440777057,0.6377077709353857,0.6278829948361464
ontario,7777,zscore,SVR,0.7352397500687647,0.5650339958628777,0.644552256824755,0.40382637658778076,0.45076055040761326,,,,,,,0.6233206531263381,0.6475195464689302,0.6800652991541983,0.6273035285495534
ontario,7777,robust,Explainable Model,0.8924032307430176,0.8096155610213889,0.5890635587198916,0.257896696480765,0.34932979264703673,,,,,,134985.0,0.5443770033607194,0.5869466115881448,0.6217182070556427,0.6032124128750593
ontario,7777,robust,SVR,0.6757509517971702,0.462677267841903,0.6218987865878602,0.2376824027308513,0.3483663685180437,,,,,,,0.5776790448427289,0.5847738389799595,0.6761514922918999,0.6489907702368525
ontario,7777,minmax,Explainable Model,0.5984209298206752,0.43459195745935214,0.6446202208702032,0.025779430180821787,0.10930306121134503,,,,,,134985.0,0.6118742661312107,0.6652999162580148,0.6926215826034215,0.6086851184881661
ontario,7777,minmax,SVR,0.6469076536337784,0.11394200717496844,0.6908191765418498,0.022183337412827457,0.11323499389183846,,,,,,,0.6776950018020822,0.6868424724603679,0.7487540860667217,0.6499851458382273
ontario,9999,zscore,Explainable Model,0.5923546611985624,0.3185615686684087,0.47483669164925946,0.5591628039815038,0.5530974031900202,,,,,,134985.0,0.48817872426985365,0.4386616867893244,0.5167673084754549,0.45573904706240453
ontario,9999,zscore,SVR,0.8271255687876706,0.5322911404317531,0.492726394875717,0.5401312407166492,0.5223944556555165,,,,,,,0.5178580653952757,0.4382982407763767,0.5258825035578878,0.4888667697733279
ontario,9999,robust,Explainable Model,0.5178100720765186,0.20583160839300624,0.38361105479924207,0.47151678990738644,0.5352443573287015,,,,,,134985.0,0.4160343323302915,0.3213443280986793,0.42433488634320093,0.37273067242479685
ontario,9999,robust,SVR,0.7581097643585284,0.3234846834586646,0.5140503576675847,0.3720187948944652,0.4401428320547495,,,,,,,0.5703259928929072,0.4595115208058521,0.5389794092156859,0.48738450775589326
ontario,9999,minmax,Explainable Model,0.3177124088375709,0.1860974099910296,0.2374386702551721,0.048508920247151935,0.17018283196683345,,,,,,134985.0,0.2991862478730729,0.2224280094002219,0.30149762435833616,0.12664279938905765
ontario,9999,minmax,SVR,0.7188552091079226,0.22531925694063515,0.49887432311003926,0.03167751445716781,0.1278539415066604,,,,,,,0.5155437486027492,0.4673485728713356,0.5107363524003878,0.5018686185656842
